Lead_ID,Email,Profile_Type,Lead_Score,Conversion_Probability,Priority,Predicted_Conversion,Actual_Conversion,Total_Sessions,Viewed_Pricing_Page,Requested_Demo,Days_Since_Last_Activity,Engagement_Score
LEAD_01628,lead1628@example.com,standard_lead,30,0.3078100698805603,COOL,0,0,10,0,0,7,13.6
LEAD_00681,lead681@example.com,standard_lead,62,0.627516160239915,WARM,1,1,2,1,0,3,17.25
LEAD_00101,lead101@example.com,standard_lead,24,0.2484711168614496,COLD,0,0,11,0,0,24,4.6
LEAD_00140,lead140@example.com,standard_lead,49,0.49983075581361486,COOL,0,0,5,1,0,23,13.55
LEAD_02506,lead2506@example.com,cold_lead,33,0.33262783219211595,COOL,0,0,5,0,0,4,2.45
LEAD_02148,lead2148@example.com,standard_lead,19,0.19081838876170973,COLD,0,0,8,0,0,7,0.0
LEAD_03980,lead3980@example.com,standard_lead,76,0.7676105144309758,HOT,1,0,7,1,1,20,24.35
LEAD_01626,lead1626@example.com,standard_lead,29,0.2939152209358301,COLD,0,0,3,1,0,39,13.0
LEAD_04891,lead4891@example.com,standard_lead,40,0.40195664300618805,COOL,0,0,7,0,0,1,9.05
LEAD_00240,lead240@example.com,standard_lead,31,0.3178950407229127,COOL,0,0,6,0,0,8,7.35
LEAD_04586,lead4586@example.com,standard_lead,15,0.15300841869876933,COLD,0,0,7,0,0,21,0.0
LEAD_02966,lead2966@example.com,engaged_smb,98,0.9877816052085195,HOT,1,1,21,1,1,2,89.7
LEAD_03597,lead3597@example.com,standard_lead,26,0.264331096555402,COLD,0,1,8,0,1,22,13.25
LEAD_02899,lead2899@example.com,standard_lead,65,0.65655439805421,WARM,1,1,5,0,0,2,19.8
LEAD_00625,lead625@example.com,standard_lead,52,0.5202551465716616,WARM,1,0,2,0,0,8,0.0
LEAD_03965,lead3965@example.com,standard_lead,27,0.274685486589733,COLD,0,0,3,0,0,0,3.6
LEAD_01356,lead1356@example.com,standard_lead,31,0.3108717887279132,COOL,0,1,8,0,0,0,17.1
LEAD_00792,lead792@example.com,engaged_smb,98,0.9872610731760455,HOT,1,1,18,1,1,0,111.4
LEAD_00161,lead161@example.com,standard_lead,43,0.4383742097464708,COOL,0,0,3,1,0,11,20.15
LEAD_03654,lead3654@example.com,standard_lead,24,0.2469975316401509,COLD,0,0,4,0,0,1,3.8
LEAD_00696,lead696@example.com,hot_lead,98,0.9897585406280031,HOT,1,1,17,1,0,1,61.6
LEAD_01469,lead1469@example.com,standard_lead,34,0.34723906295514456,COOL,0,0,4,0,0,15,8.2
LEAD_02481,lead2481@example.com,engaged_smb,93,0.9321654679258828,HOT,1,1,12,0,1,0,80.45
LEAD_00437,lead437@example.com,standard_lead,39,0.3956986836108341,COOL,0,1,7,0,0,11,18.95
LEAD_02964,lead2964@example.com,standard_lead,6,0.06170994989312333,COLD,0,0,3,0,0,24,3.65
LEAD_04734,lead4734@example.com,standard_lead,40,0.40061442474649456,COOL,0,0,6,0,0,17,10.5
LEAD_04678,lead4678@example.com,standard_lead,38,0.38303280711138277,COOL,0,0,6,0,0,18,12.3
LEAD_00641,lead641@example.com,standard_lead,31,0.31986839831359043,COOL,0,0,4,0,0,20,7.35
LEAD_04880,lead4880@example.com,standard_lead,65,0.6583085446257941,WARM,1,1,6,1,0,2,38.95
LEAD_04192,lead4192@example.com,hot_lead,96,0.967711306982739,HOT,1,1,16,1,0,12,68.7
LEAD_03859,lead3859@example.com,standard_lead,56,0.5682483945029431,WARM,1,1,6,1,0,5,19.3
LEAD_04477,lead4477@example.com,engaged_smb,99,0.9924522047189351,HOT,1,1,18,1,1,0,108.3
LEAD_03736,lead3736@example.com,standard_lead,40,0.40733073838582556,COOL,0,0,5,1,0,23,12.2
LEAD_02639,lead2639@example.com,standard_lead,66,0.6670516590774643,WARM,1,0,6,0,1,8,15.7
LEAD_03698,lead3698@example.com,standard_lead,28,0.28346164991272016,COLD,0,0,4,0,0,1,7.0
LEAD_01916,lead1916@example.com,standard_lead,64,0.6473895613452213,WARM,1,1,7,0,1,0,25.15
LEAD_03991,lead3991@example.com,standard_lead,40,0.4011813656943221,COOL,0,0,6,0,0,16,12.55
LEAD_00898,lead898@example.com,engaged_smb,98,0.988283924544104,HOT,1,1,11,0,1,1,72.55
LEAD_02858,lead2858@example.com,engaged_smb,99,0.993136802549096,HOT,1,1,10,1,0,4,85.7
LEAD_03648,lead3648@example.com,standard_lead,24,0.2453425040956532,COLD,0,0,2,0,0,10,0.0
LEAD_02603,lead2603@example.com,standard_lead,33,0.3351617725246857,COOL,0,0,2,0,0,3,13.35
LEAD_01668,lead1668@example.com,standard_lead,62,0.6244859186554593,WARM,1,0,7,0,1,5,16.7
LEAD_01838,lead1838@example.com,standard_lead,34,0.34091132038291627,COOL,0,0,7,0,0,11,9.6
LEAD_03046,lead3046@example.com,standard_lead,67,0.6758943808026358,WARM,1,1,1,0,1,0,18.1
LEAD_01993,lead1993@example.com,standard_lead,12,0.12226428032790232,COLD,0,0,5,0,0,11,0.0
LEAD_01762,lead1762@example.com,standard_lead,58,0.5837574893048555,WARM,1,0,4,1,0,10,29.2
LEAD_01404,lead1404@example.com,standard_lead,48,0.4822889305408244,COOL,0,0,5,0,1,5,21.5
LEAD_01012,lead1012@example.com,standard_lead,24,0.24222397198923928,COLD,0,0,9,0,0,12,9.0
LEAD_02672,lead2672@example.com,standard_lead,27,0.2757446715878224,COLD,0,0,9,0,0,3,14.6
LEAD_01035,lead1035@example.com,standard_lead,9,0.09192710192031257,COLD,0,0,3,0,0,3,5.55
LEAD_00318,lead318@example.com,standard_lead,60,0.6018250978741615,WARM,1,0,4,0,1,9,5.15
LEAD_02635,lead2635@example.com,standard_lead,13,0.13847002474485057,COLD,0,0,4,0,0,39,0.0
LEAD_04008,lead4008@example.com,standard_lead,26,0.26620377257842626,COLD,0,1,8,0,0,5,6.9
LEAD_04094,lead4094@example.com,standard_lead,37,0.37981409389166404,COOL,0,1,5,0,0,11,0.0
LEAD_01536,lead1536@example.com,standard_lead,24,0.24065972207160888,COLD,0,0,3,0,0,0,1.55
LEAD_00873,lead873@example.com,standard_lead,18,0.1838350185709574,COLD,0,0,7,0,0,32,7.55
LEAD_01565,lead1565@example.com,standard_lead,39,0.39379406105777637,COOL,0,0,3,0,0,17,2.55
LEAD_01319,lead1319@example.com,standard_lead,17,0.1722981465993643,COLD,0,0,6,0,0,2,0.0
LEAD_01534,lead1534@example.com,standard_lead,32,0.32036122517222676,COOL,0,1,8,0,0,6,2.75
LEAD_02329,lead2329@example.com,standard_lead,26,0.2635429778453403,COLD,0,0,8,0,0,17,19.85
LEAD_03627,lead3627@example.com,engaged_smb,98,0.9829718357107391,HOT,1,1,14,1,1,3,98.2
LEAD_04535,lead4535@example.com,engaged_smb,99,0.9961395753204025,HOT,1,1,14,1,0,4,81.85
LEAD_00953,lead953@example.com,standard_lead,29,0.29541814535895417,COLD,0,0,6,0,0,8,2.35
LEAD_01430,lead1430@example.com,standard_lead,13,0.13728452663310575,COLD,0,0,6,0,0,16,0.0
LEAD_01391,lead1391@example.com,standard_lead,37,0.3733595332198082,COOL,0,0,5,0,0,8,7.7
LEAD_04963,lead4963@example.com,standard_lead,4,0.04534188430579752,COLD,0,0,4,0,0,56,0.0
LEAD_02789,lead2789@example.com,hot_lead,99,0.9973738670498143,HOT,1,1,14,1,1,5,88.5
LEAD_02403,lead2403@example.com,standard_lead,22,0.22959051409800874,COLD,0,0,8,0,0,5,12.5
LEAD_01531,lead1531@example.com,standard_lead,56,0.5669182320770803,WARM,1,0,7,1,0,3,37.15
LEAD_02835,lead2835@example.com,standard_lead,20,0.20757596351316018,COLD,0,0,5,0,0,9,1.75
LEAD_01190,lead1190@example.com,standard_lead,36,0.36566568529225085,COOL,0,0,0,0,0,5,10.25
LEAD_01432,lead1432@example.com,standard_lead,16,0.16864500842229924,COLD,0,0,4,0,0,8,0.0
LEAD_04637,lead4637@example.com,standard_lead,36,0.3640244414117488,COOL,0,0,4,0,1,29,11.65
LEAD_03221,lead3221@example.com,standard_lead,37,0.3764633801844606,COOL,0,0,5,0,1,16,12.75
LEAD_02246,lead2246@example.com,standard_lead,46,0.4658534570108352,COOL,0,1,8,0,0,10,2.5
LEAD_00531,lead531@example.com,standard_lead,48,0.48519948194544943,COOL,0,0,3,0,0,9,7.75
LEAD_03098,lead3098@example.com,standard_lead,24,0.2458846550846474,COLD,0,0,3,0,0,2,3.35
LEAD_03410,lead3410@example.com,engaged_smb,99,0.9925538625449839,HOT,1,1,12,1,1,0,118.75
LEAD_02605,lead2605@example.com,hot_lead,90,0.9090422160118915,HOT,1,1,15,0,0,1,65.9
LEAD_01623,lead1623@example.com,standard_lead,21,0.21075717672626176,COLD,0,1,3,0,0,7,0.75
LEAD_04641,lead4641@example.com,warm_lead,98,0.9868872661323642,HOT,1,1,9,0,1,2,58.0
LEAD_04662,lead4662@example.com,standard_lead,2,0.022823585932207357,COLD,0,0,7,0,0,57,0.0
LEAD_02335,lead2335@example.com,standard_lead,31,0.31081194051784705,COOL,0,0,3,0,0,2,10.45
LEAD_04719,lead4719@example.com,standard_lead,45,0.4592511115006198,COOL,0,0,7,0,0,1,14.3
LEAD_03916,lead3916@example.com,standard_lead,25,0.2523052986494936,COLD,0,1,5,0,0,10,3.35
LEAD_01527,lead1527@example.com,warm_lead,99,0.9972816362619091,HOT,1,1,19,1,1,3,102.85
LEAD_00828,lead828@example.com,standard_lead,36,0.362498160589493,COOL,0,0,2,1,0,6,17.2
LEAD_01792,lead1792@example.com,standard_lead,24,0.243682915308493,COLD,0,0,2,0,0,13,5.7
LEAD_01092,lead1092@example.com,standard_lead,28,0.28989828062969797,COLD,0,0,7,0,0,17,6.05
LEAD_01261,lead1261@example.com,standard_lead,5,0.058988338594771005,COLD,0,0,4,0,0,48,0.0
LEAD_02655,lead2655@example.com,standard_lead,71,0.7161697401643834,WARM,1,0,6,0,1,8,17.5
LEAD_04609,lead4609@example.com,standard_lead,25,0.2585464332915197,COLD,0,0,5,0,0,6,9.95
LEAD_04315,lead4315@example.com,standard_lead,18,0.18131693449216169,COLD,0,0,4,0,0,32,0.0
LEAD_02656,lead2656@example.com,standard_lead,10,0.10833312264944767,COLD,0,0,1,0,0,7,5.75
LEAD_03809,lead3809@example.com,standard_lead,28,0.28762981351610817,COLD,0,0,6,0,0,1,10.45
LEAD_03587,lead3587@example.com,hot_lead,91,0.9173317051772006,HOT,1,1,19,1,1,0,95.5
LEAD_03889,lead3889@example.com,standard_lead,22,0.22938573504353868,COLD,0,0,6,0,0,10,0.45
LEAD_00936,lead936@example.com,hot_lead,98,0.9848678178313719,HOT,1,1,21,1,0,3,83.8
LEAD_01613,lead1613@example.com,standard_lead,13,0.13070669729338677,COLD,0,0,5,0,0,31,0.0
LEAD_00039,lead39@example.com,standard_lead,78,0.7844292095250228,HOT,1,0,4,1,0,2,45.65
LEAD_04364,lead4364@example.com,standard_lead,37,0.37248354442843756,COOL,0,1,2,0,0,2,6.05
LEAD_04567,lead4567@example.com,standard_lead,69,0.6992222510087164,WARM,1,1,7,0,1,8,37.1
LEAD_02799,lead2799@example.com,standard_lead,20,0.20854359433950304,COLD,0,0,4,0,0,16,6.7
LEAD_01067,lead1067@example.com,standard_lead,29,0.29062816418588705,COLD,0,0,4,0,0,12,4.75
LEAD_01358,lead1358@example.com,engaged_smb,99,0.9921522058140761,HOT,1,1,10,1,0,3,80.35
LEAD_02753,lead2753@example.com,standard_lead,65,0.6591088876252974,WARM,1,0,4,0,0,9,25.35
LEAD_02696,lead2696@example.com,warm_lead,95,0.9595252459128617,HOT,1,1,17,1,0,0,79.5
LEAD_00181,lead181@example.com,standard_lead,52,0.523340877598115,WARM,1,1,2,0,0,4,3.95
LEAD_00706,lead706@example.com,standard_lead,20,0.20184633827504178,COLD,0,1,4,0,0,9,6.85
LEAD_04980,lead4980@example.com,standard_lead,33,0.33466515372050354,COOL,0,1,5,0,0,1,8.05
LEAD_00844,lead844@example.com,hot_lead,86,0.8626778457346022,HOT,1,1,10,1,0,2,61.55
LEAD_01291,lead1291@example.com,standard_lead,47,0.47229286523239133,COOL,0,1,3,0,0,11,23.3
LEAD_03314,lead3314@example.com,standard_lead,16,0.1697728463908968,COLD,0,0,4,0,0,7,0.0
LEAD_04057,lead4057@example.com,standard_lead,20,0.20780197759089153,COLD,0,1,6,0,0,22,0.0
LEAD_01049,lead1049@example.com,standard_lead,53,0.530100758064369,WARM,1,1,11,0,1,0,20.25
LEAD_02460,lead2460@example.com,standard_lead,23,0.2373620979569021,COLD,0,0,6,0,0,9,5.9
LEAD_04463,lead4463@example.com,standard_lead,65,0.6515471327352942,WARM,1,0,5,0,1,5,16.1
LEAD_04140,lead4140@example.com,standard_lead,57,0.570078225463503,WARM,1,0,5,0,1,9,8.0
LEAD_03709,lead3709@example.com,standard_lead,40,0.4046123558500993,COOL,0,0,6,0,0,10,1.75
LEAD_03611,lead3611@example.com,standard_lead,32,0.32036616512531396,COOL,0,0,5,0,0,7,3.9
LEAD_04732,lead4732@example.com,standard_lead,35,0.35753003557745217,COOL,0,1,11,0,0,5,16.0
LEAD_02778,lead2778@example.com,standard_lead,22,0.22536226368455747,COLD,0,0,2,0,0,2,0.0
LEAD_01487,lead1487@example.com,standard_lead,42,0.42010418917540787,COOL,0,0,7,1,0,19,12.7
LEAD_01688,lead1688@example.com,standard_lead,21,0.21412333503750303,COLD,0,0,3,0,0,0,6.1
LEAD_01008,lead1008@example.com,standard_lead,19,0.1906451412527346,COLD,0,0,3,0,0,10,2.75
LEAD_03673,lead3673@example.com,standard_lead,86,0.8697208669619273,HOT,1,1,4,0,1,12,40.7
LEAD_03281,lead3281@example.com,standard_lead,25,0.25716048087437116,COLD,0,0,1,1,1,36,10.15
LEAD_03428,lead3428@example.com,standard_lead,58,0.5837998274678642,WARM,1,0,6,1,0,5,31.65
LEAD_02208,lead2208@example.com,standard_lead,34,0.3425128753179183,COOL,0,0,7,0,0,19,8.35
LEAD_02220,lead2220@example.com,standard_lead,18,0.1820905614125756,COLD,0,0,1,0,0,1,0.0
LEAD_03900,lead3900@example.com,standard_lead,45,0.4545930266015956,COOL,0,1,6,0,0,25,5.3
LEAD_04393,lead4393@example.com,standard_lead,43,0.43827848754675724,COOL,0,1,6,0,0,0,4.35
LEAD_01537,lead1537@example.com,standard_lead,21,0.21771281506782378,COLD,0,0,5,1,0,36,10.2
LEAD_04793,lead4793@example.com,standard_lead,22,0.22052157972498085,COLD,0,0,2,0,0,8,3.55
LEAD_01913,lead1913@example.com,standard_lead,16,0.16492298881626685,COLD,0,0,3,0,0,8,0.0
LEAD_00021,lead21@example.com,standard_lead,32,0.32508992238052664,COOL,0,0,3,0,0,0,7.65
LEAD_00781,lead781@example.com,hot_lead,99,0.9964641206512724,HOT,1,1,14,1,1,4,100.3
LEAD_01216,lead1216@example.com,standard_lead,48,0.4853610915741133,COOL,0,1,10,0,0,6,11.25
LEAD_01801,lead1801@example.com,standard_lead,13,0.13585657548408528,COLD,0,0,3,0,0,27,0.0
LEAD_02845,lead2845@example.com,warm_lead,94,0.9439197910277602,HOT,1,1,19,1,0,0,84.85
LEAD_03461,lead3461@example.com,standard_lead,40,0.40106560156372084,COOL,0,0,5,0,0,5,11.1
LEAD_02830,lead2830@example.com,standard_lead,65,0.6582616977480144,WARM,1,0,10,0,1,2,41.25
LEAD_03150,lead3150@example.com,standard_lead,43,0.43082444471685033,COOL,0,0,6,0,1,8,8.8
LEAD_01246,lead1246@example.com,standard_lead,79,0.7900689272023304,HOT,1,0,5,0,1,7,29.65
LEAD_03478,lead3478@example.com,standard_lead,43,0.43907962105484233,COOL,0,0,5,0,0,0,13.85
LEAD_00870,lead870@example.com,engaged_smb,98,0.9877942058294725,HOT,1,1,15,1,0,1,86.05
LEAD_03605,lead3605@example.com,standard_lead,78,0.7823692687605237,HOT,1,0,7,1,0,9,26.2
LEAD_03533,lead3533@example.com,hot_lead,99,0.9924685599304255,HOT,1,1,16,1,1,1,97.3
LEAD_04462,lead4462@example.com,standard_lead,46,0.46685941860678004,COOL,0,1,5,1,0,5,21.85
LEAD_04003,lead4003@example.com,standard_lead,55,0.5562003820752756,WARM,1,0,4,1,0,0,25.3
LEAD_03219,lead3219@example.com,standard_lead,41,0.4114018977526554,COOL,0,0,7,0,0,10,12.05
LEAD_03674,lead3674@example.com,standard_lead,86,0.8607882784015052,HOT,1,1,3,1,0,5,40.6
LEAD_00477,lead477@example.com,standard_lead,47,0.4740677846418367,COOL,0,0,9,0,0,2,15.3
LEAD_04230,lead4230@example.com,standard_lead,85,0.8583050118868738,HOT,1,0,8,1,0,14,46.7
LEAD_04667,lead4667@example.com,standard_lead,66,0.6684967805986625,WARM,1,1,7,0,1,30,9.75
LEAD_02325,lead2325@example.com,standard_lead,46,0.46109836584088826,COOL,0,1,3,0,0,5,24.7
LEAD_02995,lead2995@example.com,standard_lead,36,0.3609185701487421,COOL,0,0,5,0,0,7,11.5
LEAD_00986,lead986@example.com,standard_lead,32,0.32384257946864786,COOL,0,0,3,1,0,0,14.65
LEAD_04798,lead4798@example.com,standard_lead,3,0.03189159586165833,COLD,0,0,5,0,0,36,0.0
LEAD_03131,lead3131@example.com,standard_lead,21,0.213965125031797,COLD,0,0,10,0,0,7,12.5
LEAD_02815,lead2815@example.com,standard_lead,16,0.16373366004545237,COLD,0,0,8,0,0,27,4.1
LEAD_04208,lead4208@example.com,standard_lead,55,0.5500504384732904,WARM,1,0,3,0,0,1,17.1
LEAD_00726,lead726@example.com,standard_lead,35,0.35040195476897684,COOL,0,0,6,0,0,15,9.2
LEAD_03939,lead3939@example.com,standard_lead,28,0.2860028332633897,COLD,0,0,4,0,0,10,0.8
LEAD_03354,lead3354@example.com,standard_lead,34,0.34831885109433747,COOL,0,0,1,0,0,9,14.7
LEAD_03758,lead3758@example.com,standard_lead,79,0.7912264595368897,HOT,1,1,6,1,1,6,34.85
LEAD_02290,lead2290@example.com,hot_lead,98,0.981460816273191,HOT,1,1,15,1,0,0,89.1
LEAD_02786,lead2786@example.com,standard_lead,12,0.12081073270754376,COLD,0,0,3,0,0,5,0.0
LEAD_04407,lead4407@example.com,standard_lead,9,0.09427363123135259,COLD,0,0,3,1,0,54,0.25
LEAD_03240,lead3240@example.com,standard_lead,31,0.31342267079247044,COOL,0,0,8,0,0,12,18.5
LEAD_04762,lead4762@example.com,standard_lead,18,0.185926371475935,COLD,0,0,7,0,0,13,0.4
LEAD_02634,lead2634@example.com,standard_lead,36,0.362368753266141,COOL,0,0,6,0,0,19,0.0
LEAD_02583,lead2583@example.com,warm_lead,97,0.9714708386208826,HOT,1,1,15,1,1,0,102.95
LEAD_03583,lead3583@example.com,standard_lead,23,0.23451727036675415,COLD,0,1,6,0,0,15,0.0
LEAD_02590,lead2590@example.com,standard_lead,65,0.6534401205694977,WARM,1,1,4,0,1,8,12.15
LEAD_04721,lead4721@example.com,standard_lead,26,0.26876782309109964,COLD,0,0,5,0,0,2,0.95
LEAD_00806,lead806@example.com,standard_lead,10,0.10527414395589045,COLD,0,0,1,0,0,7,0.0
LEAD_03274,lead3274@example.com,standard_lead,2,0.025113827847830644,COLD,0,0,3,0,0,56,0.0
LEAD_01115,lead1115@example.com,warm_lead,99,0.9917217356852324,HOT,1,1,12,1,0,4,90.5
LEAD_01105,lead1105@example.com,hot_lead,99,0.9953952476070442,HOT,1,1,19,1,1,1,76.1
LEAD_00465,lead465@example.com,standard_lead,39,0.3975728755405894,COOL,0,0,8,1,0,7,15.3
LEAD_00632,lead632@example.com,hot_lead,99,0.9989347178030431,HOT,1,1,12,1,1,2,103.75
LEAD_04705,lead4705@example.com,standard_lead,13,0.1354854541793067,COLD,0,0,6,0,0,25,0.0
LEAD_02807,lead2807@example.com,standard_lead,33,0.3388809689901303,COOL,0,0,6,0,0,17,8.8
LEAD_04161,lead4161@example.com,standard_lead,17,0.17845781949843792,COLD,0,0,8,0,0,16,0.0
LEAD_04086,lead4086@example.com,standard_lead,15,0.1500406143026641,COLD,0,0,6,0,0,20,0.0
LEAD_02941,lead2941@example.com,standard_lead,37,0.3726170239433726,COOL,0,0,7,0,0,6,8.2
LEAD_04615,lead4615@example.com,hot_lead,97,0.9770129496679754,HOT,1,1,16,0,0,2,84.4
LEAD_02041,lead2041@example.com,standard_lead,73,0.7361773973593196,WARM,1,0,2,1,0,0,20.95
LEAD_04897,lead4897@example.com,standard_lead,58,0.5875076315805551,WARM,1,0,12,0,1,7,24.95
LEAD_03146,lead3146@example.com,standard_lead,50,0.5083508131697947,WARM,1,1,3,0,1,12,7.05
LEAD_02839,lead2839@example.com,standard_lead,11,0.11728179687376461,COLD,0,0,5,0,0,22,0.0
LEAD_01967,lead1967@example.com,standard_lead,46,0.46567129880422803,COOL,0,1,9,1,0,6,23.8
LEAD_01342,lead1342@example.com,standard_lead,31,0.31823821689431003,COOL,0,0,5,0,0,8,7.15
LEAD_01795,lead1795@example.com,engaged_smb,99,0.9912602083633429,HOT,1,1,15,1,0,11,82.35
LEAD_00063,lead63@example.com,standard_lead,80,0.8033500118092367,HOT,1,0,7,0,0,3,19.45
LEAD_02803,lead2803@example.com,standard_lead,65,0.650067115028472,WARM,1,1,2,0,0,3,25.5
LEAD_03580,lead3580@example.com,standard_lead,13,0.13345404767471214,COLD,0,0,5,0,0,16,0.0
LEAD_02266,lead2266@example.com,standard_lead,49,0.49235807598354975,COOL,0,0,3,0,1,1,8.65
LEAD_04307,lead4307@example.com,standard_lead,15,0.15709238006491213,COLD,0,0,3,0,0,27,0.0
LEAD_01389,lead1389@example.com,standard_lead,13,0.13600278252890424,COLD,0,0,5,0,0,7,0.0
LEAD_01693,lead1693@example.com,standard_lead,22,0.22860601959431992,COLD,0,0,6,0,0,22,0.0
LEAD_04635,lead4635@example.com,cold_lead,6,0.06535814978306122,COLD,0,0,4,0,0,34,0.0
LEAD_03370,lead3370@example.com,hot_lead,92,0.9289926383256385,HOT,1,1,11,0,1,0,67.35
LEAD_01823,lead1823@example.com,standard_lead,40,0.40803083744143537,COOL,0,0,7,0,0,5,19.15
LEAD_01708,lead1708@example.com,standard_lead,29,0.29771584051304867,COLD,0,0,4,0,0,3,5.35
LEAD_03110,lead3110@example.com,standard_lead,45,0.4516142044069669,COOL,0,1,6,0,0,13,7.1
LEAD_04304,lead4304@example.com,standard_lead,80,0.8001393837704656,HOT,1,1,8,0,1,2,18.25
LEAD_02268,lead2268@example.com,standard_lead,66,0.6687807277238369,WARM,1,0,4,1,1,3,21.35
LEAD_01366,lead1366@example.com,standard_lead,39,0.39503722399455693,COOL,0,0,6,0,0,10,17.1
LEAD_03743,lead3743@example.com,standard_lead,28,0.2856382957859485,COLD,0,0,6,0,0,19,4.9
LEAD_01123,lead1123@example.com,standard_lead,11,0.11499863332757944,COLD,0,0,5,0,0,21,0.0
LEAD_03899,lead3899@example.com,standard_lead,30,0.3049850836859589,COOL,0,1,3,0,0,20,13.5
LEAD_00178,lead178@example.com,cold_lead,7,0.07645088273094132,COLD,0,0,9,0,0,47,0.0
LEAD_01235,lead1235@example.com,standard_lead,5,0.05254912621709613,COLD,0,0,5,0,0,52,0.0
LEAD_03536,lead3536@example.com,standard_lead,36,0.3631859822831355,COOL,0,1,8,0,0,3,15.35
LEAD_04018,lead4018@example.com,standard_lead,44,0.44692894469186467,COOL,0,1,8,1,0,0,30.6
LEAD_04160,lead4160@example.com,standard_lead,85,0.8599678560884046,HOT,1,0,5,0,1,3,40.55
LEAD_01169,lead1169@example.com,standard_lead,21,0.2151669611702837,COLD,0,0,8,0,0,15,1.05
LEAD_01888,lead1888@example.com,standard_lead,11,0.11119517306526902,COLD,0,0,3,0,0,19,0.0
LEAD_04566,lead4566@example.com,standard_lead,42,0.42137451722130087,COOL,0,1,5,0,1,16,7.1
LEAD_00631,lead631@example.com,standard_lead,10,0.10119268081551758,COLD,0,0,4,0,0,22,0.0
LEAD_03096,lead3096@example.com,engaged_smb,99,0.9962034593548009,HOT,1,1,16,1,1,1,103.15
LEAD_02431,lead2431@example.com,standard_lead,74,0.7465936561050786,WARM,1,0,4,0,1,12,25.05
LEAD_04934,lead4934@example.com,standard_lead,23,0.2302027560658429,COLD,0,0,6,0,0,2,8.4
LEAD_00847,lead847@example.com,standard_lead,11,0.11460422824257332,COLD,0,0,6,0,0,22,0.55
LEAD_01053,lead1053@example.com,standard_lead,34,0.34473257717947525,COOL,0,0,2,0,0,6,0.55
LEAD_04618,lead4618@example.com,standard_lead,33,0.33701775495517516,COOL,0,1,3,0,0,0,15.95
LEAD_03977,lead3977@example.com,standard_lead,10,0.10111095361822,COLD,0,0,7,0,0,39,0.0
LEAD_04396,lead4396@example.com,standard_lead,21,0.21438294131293575,COLD,0,0,6,0,0,1,0.0
LEAD_03820,lead3820@example.com,hot_lead,96,0.9678593853432583,HOT,1,1,18,1,1,4,74.45
LEAD_00226,lead226@example.com,hot_lead,98,0.9898937053730108,HOT,1,1,16,0,1,7,83.05
LEAD_00707,lead707@example.com,cold_lead,54,0.5432057204360604,WARM,1,1,3,1,1,18,39.25
LEAD_04558,lead4558@example.com,warm_lead,99,0.995150333656774,HOT,1,1,10,1,0,1,92.25
LEAD_02472,lead2472@example.com,standard_lead,52,0.5203022354596065,WARM,1,1,8,0,0,4,7.0
LEAD_02810,lead2810@example.com,standard_lead,37,0.37109095801487263,COOL,0,0,5,0,1,29,4.55
LEAD_04661,lead4661@example.com,standard_lead,54,0.5438412857838117,WARM,1,1,3,0,1,16,16.6
LEAD_03202,lead3202@example.com,standard_lead,51,0.5115118623883277,WARM,1,1,3,1,0,14,13.6
LEAD_02976,lead2976@example.com,warm_lead,95,0.9584994110729942,HOT,1,1,7,1,0,1,63.65
LEAD_03286,lead3286@example.com,standard_lead,36,0.3692459550046581,COOL,0,0,8,0,0,4,18.85
LEAD_02065,lead2065@example.com,standard_lead,11,0.11888525189212922,COLD,0,0,5,0,0,21,2.7
LEAD_01127,lead1127@example.com,standard_lead,18,0.18362802735237693,COLD,0,0,3,0,0,14,0.0
LEAD_03944,lead3944@example.com,standard_lead,26,0.2646458979625452,COLD,0,0,9,0,0,16,0.15
LEAD_01875,lead1875@example.com,engaged_smb,98,0.9824002995042124,HOT,1,1,10,1,0,1,62.05
LEAD_00239,lead239@example.com,standard_lead,4,0.04394501094747369,COLD,0,0,5,0,0,45,0.0
LEAD_02265,lead2265@example.com,standard_lead,35,0.3525211923361851,COOL,0,0,4,0,0,14,15.15
LEAD_04291,lead4291@example.com,standard_lead,32,0.328296803755031,COOL,0,0,7,0,0,1,10.25
LEAD_00498,lead498@example.com,standard_lead,35,0.3529222674498894,COOL,0,0,6,0,0,6,14.8
LEAD_03409,lead3409@example.com,standard_lead,50,0.5001376484836343,WARM,1,1,3,1,0,27,8.9
LEAD_04958,lead4958@example.com,standard_lead,78,0.7831189251651456,HOT,1,0,4,1,0,7,24.15
LEAD_02643,lead2643@example.com,standard_lead,57,0.5780258315506567,WARM,1,0,6,0,0,2,21.25
LEAD_00948,lead948@example.com,standard_lead,31,0.31349753708172445,COOL,0,1,6,0,0,23,6.3
LEAD_00429,lead429@example.com,standard_lead,14,0.1450700168406651,COLD,0,0,0,0,0,10,2.6
LEAD_00059,lead59@example.com,standard_lead,60,0.6017670387063071,WARM,1,0,6,0,1,6,11.35
LEAD_04292,lead4292@example.com,standard_lead,77,0.7708188141435541,HOT,1,1,6,1,0,2,32.8
LEAD_00200,lead200@example.com,standard_lead,28,0.28030150414327215,COLD,0,1,2,1,0,30,3.95
LEAD_02566,lead2566@example.com,standard_lead,49,0.4930080172065709,COOL,0,0,5,1,0,0,25.55
LEAD_00584,lead584@example.com,standard_lead,68,0.6850384516428292,WARM,1,0,5,1,0,2,22.05
LEAD_01790,lead1790@example.com,standard_lead,20,0.20092320147288975,COLD,0,1,7,0,0,29,0.0
LEAD_04882,lead4882@example.com,standard_lead,27,0.2768837818653639,COLD,0,0,9,0,0,6,12.45
LEAD_02017,lead2017@example.com,standard_lead,8,0.08198461103024882,COLD,0,0,3,0,0,31,1.6
LEAD_02094,lead2094@example.com,warm_lead,99,0.9966257232769382,HOT,1,1,15,1,0,7,81.9
LEAD_04966,lead4966@example.com,standard_lead,43,0.4300338419142632,COOL,0,1,7,0,1,19,11.9
LEAD_01824,lead1824@example.com,standard_lead,50,0.505841297245911,WARM,1,0,3,0,0,1,18.9
LEAD_01818,lead1818@example.com,warm_lead,96,0.9601653164757575,HOT,1,1,12,1,0,4,66.15
LEAD_01194,lead1194@example.com,standard_lead,65,0.6560056046374652,WARM,1,0,5,1,0,12,25.1
LEAD_01226,lead1226@example.com,standard_lead,13,0.1342077065492103,COLD,0,1,6,0,0,13,1.1
LEAD_01822,lead1822@example.com,standard_lead,59,0.5992595897613047,WARM,1,0,2,0,1,7,23.5
LEAD_04603,lead4603@example.com,engaged_smb,96,0.9674213980051597,HOT,1,1,14,1,0,1,72.05
LEAD_03487,lead3487@example.com,standard_lead,10,0.10319717149604682,COLD,0,0,3,0,0,12,0.0
LEAD_04524,lead4524@example.com,standard_lead,37,0.37511480009469983,COOL,0,0,1,0,1,3,10.6
LEAD_00037,lead37@example.com,standard_lead,22,0.22810019746778515,COLD,0,0,10,0,0,7,6.0
LEAD_04797,lead4797@example.com,standard_lead,19,0.19356381079092924,COLD,0,0,7,0,0,4,5.9
LEAD_03373,lead3373@example.com,standard_lead,70,0.7031728377776185,WARM,1,1,4,0,1,2,31.8
LEAD_03682,lead3682@example.com,standard_lead,11,0.11506537238113819,COLD,0,0,8,0,0,49,0.0
LEAD_03244,lead3244@example.com,warm_lead,96,0.9646087316114633,HOT,1,1,14,1,1,1,92.9
LEAD_00385,lead385@example.com,standard_lead,19,0.19921289342581222,COLD,0,0,2,0,0,7,0.0
LEAD_04539,lead4539@example.com,standard_lead,38,0.3814003697933853,COOL,0,0,6,0,0,8,13.2
LEAD_02868,lead2868@example.com,standard_lead,27,0.2788488414676558,COLD,0,0,9,0,0,8,4.75
LEAD_03140,lead3140@example.com,standard_lead,61,0.6161134634111339,WARM,1,1,8,1,0,2,22.8
LEAD_02000,lead2000@example.com,standard_lead,46,0.4671625906904346,COOL,0,1,4,1,0,15,13.15
LEAD_00657,lead657@example.com,standard_lead,96,0.9655348069659913,HOT,1,1,8,1,1,8,43.8
LEAD_04111,lead4111@example.com,standard_lead,31,0.31941245789537437,COOL,0,0,5,1,0,14,13.1
LEAD_03618,lead3618@example.com,standard_lead,15,0.15104561384953746,COLD,0,0,3,0,0,6,0.6
LEAD_00371,lead371@example.com,hot_lead,99,0.9904327230345993,HOT,1,1,14,1,0,2,96.95
LEAD_01500,lead1500@example.com,standard_lead,65,0.6585381510080316,WARM,1,1,4,0,0,7,15.5
LEAD_03734,lead3734@example.com,standard_lead,78,0.7838655992167991,HOT,1,1,9,1,0,7,21.1
LEAD_02497,lead2497@example.com,standard_lead,24,0.2448576170852065,COLD,0,0,5,0,0,5,1.3
LEAD_01528,lead1528@example.com,standard_lead,39,0.39104036815776116,COOL,0,0,5,0,0,12,11.65
LEAD_03925,lead3925@example.com,standard_lead,47,0.47777720478750474,COOL,0,1,7,0,0,4,14.35
LEAD_02801,lead2801@example.com,standard_lead,30,0.30743966545809925,COOL,0,0,6,0,0,5,7.8
LEAD_04459,lead4459@example.com,engaged_smb,98,0.9822927754331678,HOT,1,1,16,1,0,3,64.9
LEAD_02058,lead2058@example.com,standard_lead,28,0.28369976285767584,COLD,0,0,5,0,0,10,9.45
LEAD_04708,lead4708@example.com,standard_lead,23,0.23426954734133798,COLD,0,1,8,0,0,12,9.5
LEAD_01060,lead1060@example.com,standard_lead,81,0.8157836846262017,HOT,1,0,6,0,1,5,29.85
LEAD_03261,lead3261@example.com,standard_lead,33,0.3338650347340332,COOL,0,0,4,1,0,21,16.85
LEAD_03250,lead3250@example.com,standard_lead,20,0.2043426338994107,COLD,0,0,5,0,0,18,0.25
LEAD_03519,lead3519@example.com,standard_lead,53,0.5337095155224801,WARM,1,1,6,1,0,5,42.65
LEAD_00196,lead196@example.com,standard_lead,7,0.07639309000528482,COLD,0,0,6,0,0,22,0.0
LEAD_00824,lead824@example.com,standard_lead,48,0.48402521083277167,COOL,0,0,3,0,0,6,3.9
LEAD_00343,lead343@example.com,warm_lead,94,0.9439813695817229,HOT,1,1,15,1,0,0,68.65
LEAD_04262,lead4262@example.com,standard_lead,17,0.1796667556673616,COLD,0,0,7,0,0,35,0.0
LEAD_00394,lead394@example.com,standard_lead,62,0.6265905727241252,WARM,1,0,5,1,0,0,23.3
LEAD_04014,lead4014@example.com,standard_lead,28,0.282888785589712,COLD,0,0,6,0,0,3,6.4
LEAD_01363,lead1363@example.com,standard_lead,22,0.22655817539478754,COLD,0,0,6,0,0,4,14.9
LEAD_03132,lead3132@example.com,warm_lead,99,0.9959197557599759,HOT,1,1,16,1,0,1,106.4
LEAD_02954,lead2954@example.com,standard_lead,17,0.1749912489190933,COLD,0,1,5,0,0,24,0.0
LEAD_00324,lead324@example.com,standard_lead,40,0.4074657908538451,COOL,0,0,3,0,0,1,7.1
LEAD_00803,lead803@example.com,hot_lead,98,0.9853389301658116,HOT,1,1,14,0,1,1,70.35
LEAD_02487,lead2487@example.com,standard_lead,21,0.21644234128447976,COLD,0,1,3,0,0,1,7.45
LEAD_03827,lead3827@example.com,standard_lead,31,0.31216194791792734,COOL,0,1,6,0,0,0,26.5
LEAD_02464,lead2464@example.com,standard_lead,32,0.32016662813422136,COOL,0,0,2,0,0,6,4.75
LEAD_02318,lead2318@example.com,standard_lead,66,0.6634959495540872,WARM,1,1,3,0,1,2,19.75
LEAD_04640,lead4640@example.com,standard_lead,36,0.36003843013170606,COOL,0,1,6,0,0,0,20.0
LEAD_01592,lead1592@example.com,standard_lead,35,0.35861987847977844,COOL,0,0,6,0,0,21,7.7
LEAD_01301,lead1301@example.com,standard_lead,49,0.49169702153214484,COOL,0,1,7,0,0,3,15.0
LEAD_01800,lead1800@example.com,standard_lead,49,0.49345750281495904,COOL,0,0,7,0,0,18,8.25
LEAD_04429,lead4429@example.com,standard_lead,60,0.6064152168223037,WARM,1,1,12,0,1,12,25.2
LEAD_00041,lead41@example.com,engaged_smb,96,0.9644457362043364,HOT,1,1,20,1,0,8,95.4
LEAD_00670,lead670@example.com,standard_lead,16,0.16226405600662377,COLD,0,0,8,0,0,10,4.7
LEAD_04644,lead4644@example.com,standard_lead,47,0.47159806217006234,COOL,0,0,4,0,0,18,17.35
LEAD_01139,lead1139@example.com,standard_lead,37,0.3776394317474325,COOL,0,0,5,0,0,13,18.15
LEAD_03476,lead3476@example.com,standard_lead,27,0.27981086970576086,COLD,0,0,10,0,0,16,8.75
LEAD_04170,lead4170@example.com,hot_lead,99,0.9997246576084883,HOT,1,1,13,1,0,9,83.45
LEAD_02927,lead2927@example.com,standard_lead,63,0.6359093322735527,WARM,1,0,6,1,0,13,26.55
LEAD_04216,lead4216@example.com,standard_lead,26,0.2632195443263757,COLD,0,1,3,0,0,8,7.85
LEAD_03011,lead3011@example.com,cold_lead,40,0.4054413684641282,COOL,0,0,6,0,0,5,7.95
LEAD_01300,lead1300@example.com,standard_lead,22,0.2292233463947337,COLD,0,0,6,0,0,27,3.0
LEAD_00800,lead800@example.com,standard_lead,72,0.7255665116163472,WARM,1,0,3,1,0,7,37.65
LEAD_02284,lead2284@example.com,warm_lead,99,0.9988781456327448,HOT,1,1,13,1,1,1,90.55
LEAD_01942,lead1942@example.com,standard_lead,79,0.7939284919998416,HOT,1,0,7,1,0,13,15.3
LEAD_00212,lead212@example.com,standard_lead,32,0.32288509821508665,COOL,0,0,5,0,0,35,5.95
LEAD_02685,lead2685@example.com,standard_lead,38,0.383136694409654,COOL,0,0,7,0,0,11,24.5
LEAD_03794,lead3794@example.com,warm_lead,98,0.982371746811495,HOT,1,0,20,0,0,7,61.3
LEAD_03623,lead3623@example.com,standard_lead,52,0.5274602986684255,WARM,1,1,3,1,0,3,25.2
LEAD_02727,lead2727@example.com,standard_lead,52,0.5294378699964245,WARM,1,1,4,0,0,4,21.9
LEAD_01061,lead1061@example.com,standard_lead,66,0.6676024892989078,WARM,1,0,6,1,0,3,32.25
LEAD_00005,lead5@example.com,standard_lead,14,0.14876555598586869,COLD,0,0,2,0,0,34,0.0
LEAD_04072,lead4072@example.com,warm_lead,89,0.8904530869654145,HOT,1,1,19,1,1,0,82.2
LEAD_01584,lead1584@example.com,standard_lead,11,0.11048795788125397,COLD,0,0,13,0,0,38,4.7
LEAD_03335,lead3335@example.com,warm_lead,99,0.9990928478279872,HOT,1,1,20,1,0,1,112.2
LEAD_01333,lead1333@example.com,standard_lead,22,0.2277560859514537,COLD,0,1,3,0,0,3,0.0
LEAD_04620,lead4620@example.com,standard_lead,42,0.42462609928814166,COOL,0,1,4,0,1,20,10.45
LEAD_03010,lead3010@example.com,standard_lead,44,0.44415364777805744,COOL,0,0,5,0,0,0,4.75
LEAD_04713,lead4713@example.com,standard_lead,49,0.4957036516084802,COOL,0,1,6,0,1,32,9.4
LEAD_04920,lead4920@example.com,standard_lead,33,0.33437092366663895,COOL,0,0,4,1,0,11,2.4
LEAD_02653,lead2653@example.com,standard_lead,74,0.7432094191045583,WARM,1,0,8,1,0,12,23.55
LEAD_01339,lead1339@example.com,standard_lead,46,0.4658408470607751,COOL,0,0,6,0,0,1,12.7
LEAD_03210,lead3210@example.com,standard_lead,33,0.3387929460703067,COOL,0,0,5,0,0,3,8.15
LEAD_00166,lead166@example.com,standard_lead,25,0.25088732024702826,COLD,0,1,5,0,0,0,13.65
LEAD_01568,lead1568@example.com,standard_lead,61,0.6183149956339212,WARM,1,0,9,1,0,17,19.65
LEAD_01736,lead1736@example.com,standard_lead,71,0.7138951584528928,WARM,1,0,11,1,1,2,37.7
LEAD_04336,lead4336@example.com,standard_lead,50,0.5012404927927177,WARM,1,1,9,0,0,4,10.75
LEAD_03739,lead3739@example.com,standard_lead,31,0.3139779756146799,COOL,0,0,6,0,0,14,1.85
LEAD_02088,lead2088@example.com,standard_lead,40,0.40637883543843056,COOL,0,0,7,0,0,3,18.6
LEAD_00514,lead514@example.com,standard_lead,25,0.2539638283889131,COLD,0,1,7,0,0,13,7.4
LEAD_04820,lead4820@example.com,standard_lead,16,0.16021768430456645,COLD,0,1,5,0,0,7,1.0
LEAD_00337,lead337@example.com,standard_lead,42,0.42690048535234615,COOL,0,0,7,0,0,1,4.0
LEAD_03126,lead3126@example.com,standard_lead,80,0.8006917389760503,HOT,1,1,7,1,0,11,25.4
LEAD_00911,lead911@example.com,standard_lead,14,0.14444920836450206,COLD,0,0,4,0,0,16,0.0
LEAD_02392,lead2392@example.com,standard_lead,18,0.18961132857943583,COLD,0,0,4,0,0,10,3.9
LEAD_02638,lead2638@example.com,standard_lead,23,0.2334844535503841,COLD,0,0,1,0,0,4,12.25
LEAD_03267,lead3267@example.com,standard_lead,71,0.7165575108136311,WARM,1,1,4,0,1,10,8.2
LEAD_02515,lead2515@example.com,standard_lead,25,0.25469312930883586,COLD,0,1,6,1,0,27,6.5
LEAD_03890,lead3890@example.com,engaged_smb,98,0.9820656493378436,HOT,1,1,18,1,1,2,70.65
LEAD_00623,lead623@example.com,standard_lead,55,0.5559934905355105,WARM,1,0,4,1,0,1,33.6
LEAD_02560,lead2560@example.com,standard_lead,16,0.16571941554874137,COLD,0,0,5,0,0,7,10.1
LEAD_02173,lead2173@example.com,hot_lead,98,0.9820924423991669,HOT,1,1,12,1,0,5,72.15
LEAD_04850,lead4850@example.com,standard_lead,22,0.2230285070452054,COLD,0,0,5,0,0,24,2.8
LEAD_00532,lead532@example.com,engaged_smb,99,0.9923738975382274,HOT,1,1,19,1,1,14,104.2
LEAD_02386,lead2386@example.com,standard_lead,1,0.012410552958514518,COLD,0,0,5,0,0,82,0.0
LEAD_02285,lead2285@example.com,warm_lead,99,0.9968300110584799,HOT,1,1,16,1,1,6,94.25
LEAD_03147,lead3147@example.com,standard_lead,44,0.44250058646043583,COOL,0,1,1,1,0,6,13.95
LEAD_00903,lead903@example.com,standard_lead,20,0.20482148738940376,COLD,0,0,2,0,1,22,0.2
LEAD_03501,lead3501@example.com,standard_lead,41,0.4145397692541516,COOL,0,0,6,0,0,1,15.05
LEAD_04088,lead4088@example.com,standard_lead,60,0.6061183735532861,WARM,1,1,2,0,0,8,13.85
LEAD_03832,lead3832@example.com,standard_lead,15,0.1511764431189017,COLD,0,0,4,0,0,12,0.0
LEAD_04513,lead4513@example.com,standard_lead,37,0.3742822976565298,COOL,0,1,5,0,0,2,9.0
LEAD_04255,lead4255@example.com,standard_lead,33,0.3307101625580077,COOL,0,1,8,0,0,9,12.95
LEAD_01411,lead1411@example.com,standard_lead,66,0.6692247788504511,WARM,1,0,5,1,0,13,20.5
LEAD_03588,lead3588@example.com,standard_lead,53,0.5379902234475623,WARM,1,1,4,1,0,8,21.4
LEAD_02404,lead2404@example.com,standard_lead,33,0.3352756912806647,COOL,0,0,4,0,0,1,9.45
LEAD_04534,lead4534@example.com,standard_lead,16,0.1673267820537739,COLD,0,0,2,0,0,13,0.0
LEAD_03628,lead3628@example.com,standard_lead,12,0.12740789938795155,COLD,0,0,8,0,0,22,1.55
LEAD_03128,lead3128@example.com,standard_lead,31,0.3144040147843937,COOL,0,0,6,0,0,24,4.95
LEAD_04546,lead4546@example.com,standard_lead,35,0.35730868225326956,COOL,0,0,5,0,0,1,7.75
LEAD_01946,lead1946@example.com,warm_lead,97,0.9749275335637323,HOT,1,1,14,1,1,0,92.2
LEAD_04068,lead4068@example.com,engaged_smb,97,0.9794424083371247,HOT,1,1,14,1,1,7,86.35
LEAD_04597,lead4597@example.com,standard_lead,19,0.19909220943727898,COLD,0,0,5,0,0,33,7.95
LEAD_03741,lead3741@example.com,standard_lead,62,0.6281966976657941,WARM,1,1,7,0,0,2,15.45
LEAD_04862,lead4862@example.com,standard_lead,64,0.6494105757454096,WARM,1,0,3,1,0,12,11.75
LEAD_02581,lead2581@example.com,standard_lead,39,0.3989163802083558,COOL,0,0,1,0,0,5,2.35
LEAD_04948,lead4948@example.com,engaged_smb,76,0.7652819284006973,HOT,1,1,10,0,0,4,33.75
LEAD_01221,lead1221@example.com,standard_lead,30,0.3058962453479331,COOL,0,0,3,0,0,10,18.2
LEAD_01043,lead1043@example.com,standard_lead,62,0.6299422866679072,WARM,1,1,5,0,1,12,14.3
LEAD_01325,lead1325@example.com,standard_lead,30,0.30061076531901304,COOL,0,0,5,0,0,9,3.15
LEAD_00691,lead691@example.com,warm_lead,99,0.9917343484640928,HOT,1,1,13,1,0,1,80.85
LEAD_04139,lead4139@example.com,standard_lead,25,0.2512642189696879,COLD,0,1,4,0,0,5,2.85
LEAD_01863,lead1863@example.com,standard_lead,22,0.2248657209743132,COLD,0,0,6,0,0,16,0.2
LEAD_00901,lead901@example.com,standard_lead,33,0.3331608831749373,COOL,0,1,9,0,0,3,18.55
LEAD_01532,lead1532@example.com,standard_lead,36,0.3628210490032357,COOL,0,0,9,0,0,6,10.9
LEAD_01282,lead1282@example.com,standard_lead,39,0.39124178877369026,COOL,0,1,6,0,0,9,6.55
LEAD_04904,lead4904@example.com,standard_lead,30,0.30802137110806305,COOL,0,1,7,0,0,11,5.0
LEAD_00635,lead635@example.com,standard_lead,44,0.4472762856865493,COOL,0,0,10,0,0,21,12.3
LEAD_01905,lead1905@example.com,standard_lead,18,0.18131927719855345,COLD,0,0,5,0,0,29,0.0
LEAD_00294,lead294@example.com,engaged_smb,99,0.9902370284626146,HOT,1,1,12,1,1,0,93.85
LEAD_02554,lead2554@example.com,hot_lead,99,0.9982861020261848,HOT,1,1,18,1,1,4,89.0
LEAD_00946,lead946@example.com,standard_lead,19,0.1928415260365179,COLD,0,1,2,0,0,1,0.35
LEAD_00420,lead420@example.com,standard_lead,23,0.23892667197645057,COLD,0,0,4,0,0,11,17.8
LEAD_00661,lead661@example.com,standard_lead,24,0.2481070257252102,COLD,0,0,3,0,0,9,14.6
LEAD_02960,lead2960@example.com,standard_lead,69,0.6996576275056949,WARM,1,0,4,0,1,5,22.35
LEAD_01116,lead1116@example.com,hot_lead,99,0.9921377278532714,HOT,1,1,11,0,1,3,64.95
LEAD_01400,lead1400@example.com,standard_lead,5,0.05391444421123461,COLD,0,0,4,0,0,49,0.0
LEAD_03545,lead3545@example.com,standard_lead,43,0.4360846933962958,COOL,0,0,6,1,0,22,15.75
LEAD_03389,lead3389@example.com,standard_lead,14,0.14113026212179142,COLD,0,0,5,0,0,16,5.95
LEAD_04709,lead4709@example.com,standard_lead,38,0.3867686488119939,COOL,0,0,5,1,0,2,16.15
LEAD_01768,lead1768@example.com,hot_lead,99,0.9948476360687076,HOT,1,1,8,0,1,4,77.3
LEAD_00889,lead889@example.com,standard_lead,60,0.6022886402152664,WARM,1,0,2,0,1,5,11.5
LEAD_00998,lead998@example.com,standard_lead,75,0.7531807456911914,HOT,1,0,6,0,1,1,23.35
LEAD_04625,lead4625@example.com,standard_lead,24,0.2478053987255727,COLD,0,0,10,0,0,9,11.0
LEAD_01374,lead1374@example.com,standard_lead,50,0.5015351802887944,WARM,1,0,4,0,0,9,10.05
LEAD_02675,lead2675@example.com,standard_lead,32,0.32019820971715646,COOL,0,0,4,0,0,0,15.0
LEAD_03252,lead3252@example.com,standard_lead,22,0.2214180045129724,COLD,0,0,10,0,0,32,7.0
LEAD_02744,lead2744@example.com,standard_lead,38,0.3852866399381601,COOL,0,0,6,0,0,10,0.0
LEAD_03310,lead3310@example.com,standard_lead,39,0.3930708058435212,COOL,0,1,7,0,1,29,8.3
LEAD_01128,lead1128@example.com,standard_lead,22,0.22560058998660606,COLD,0,0,1,0,0,2,2.7
LEAD_04148,lead4148@example.com,standard_lead,45,0.45269538738367404,COOL,0,1,3,0,0,7,13.45
LEAD_00154,lead154@example.com,standard_lead,46,0.4685530039628468,COOL,0,0,4,0,0,4,4.45
LEAD_03180,lead3180@example.com,standard_lead,30,0.3093297878571975,COOL,0,0,4,0,0,6,7.5
LEAD_04747,lead4747@example.com,standard_lead,20,0.20712978483959765,COLD,0,1,11,0,0,9,14.35
LEAD_00300,lead300@example.com,standard_lead,21,0.21564557992800226,COLD,0,0,5,0,0,18,0.0
LEAD_00443,lead443@example.com,standard_lead,50,0.5046048879448083,WARM,1,1,6,0,0,13,17.1
LEAD_00668,lead668@example.com,standard_lead,67,0.6703666349581773,WARM,1,0,5,0,0,4,29.75
LEAD_03701,lead3701@example.com,standard_lead,17,0.17228145546143378,COLD,0,0,2,1,0,39,5.7
LEAD_01508,lead1508@example.com,standard_lead,56,0.5641675925983614,WARM,1,1,4,1,0,11,20.8
LEAD_01533,lead1533@example.com,standard_lead,13,0.1349428445030729,COLD,0,0,4,1,0,52,1.0
LEAD_02122,lead2122@example.com,standard_lead,39,0.39197710014099035,COOL,0,0,2,0,0,11,0.0
LEAD_01316,lead1316@example.com,standard_lead,12,0.12316030647234726,COLD,0,0,8,0,0,11,14.5
LEAD_02048,lead2048@example.com,standard_lead,13,0.1337079088329301,COLD,0,0,1,0,1,36,6.05
LEAD_00942,lead942@example.com,standard_lead,24,0.24352674483471795,COLD,0,1,7,0,0,0,12.7
LEAD_03117,lead3117@example.com,standard_lead,74,0.7482761787513019,WARM,1,1,2,1,0,2,25.4
LEAD_04479,lead4479@example.com,standard_lead,31,0.3108511795042462,COOL,0,0,5,1,0,38,5.55
LEAD_02029,lead2029@example.com,standard_lead,37,0.37914775456196975,COOL,0,0,2,0,0,3,5.2
LEAD_04193,lead4193@example.com,standard_lead,35,0.3503147703239041,COOL,0,0,5,0,0,2,7.5
LEAD_03058,lead3058@example.com,standard_lead,25,0.25338291684372655,COLD,0,0,4,0,0,3,0.0
LEAD_01278,lead1278@example.com,standard_lead,34,0.3404275682805507,COOL,0,0,2,0,0,5,0.0
LEAD_03884,lead3884@example.com,standard_lead,24,0.24587338359072344,COLD,0,0,8,0,0,9,6.75
LEAD_02881,lead2881@example.com,standard_lead,19,0.19460819505945723,COLD,0,0,8,0,0,24,14.15
LEAD_04113,lead4113@example.com,standard_lead,20,0.20995368488392402,COLD,0,0,2,0,0,10,1.75
LEAD_01096,lead1096@example.com,standard_lead,16,0.1646339715489715,COLD,0,0,4,0,0,0,10.05
LEAD_04386,lead4386@example.com,standard_lead,26,0.2651827407968241,COLD,0,0,9,0,0,22,3.35
LEAD_01697,lead1697@example.com,warm_lead,93,0.9334940849593606,HOT,1,1,16,1,0,0,81.3
LEAD_00309,lead309@example.com,standard_lead,37,0.3715774578231631,COOL,0,0,7,0,0,5,13.05
LEAD_00548,lead548@example.com,engaged_smb,99,0.9911876984608639,HOT,1,1,13,1,1,0,93.55
LEAD_01897,lead1897@example.com,standard_lead,29,0.2962476956997895,COLD,0,0,10,0,0,13,4.95
LEAD_01179,lead1179@example.com,standard_lead,17,0.17037122985547268,COLD,0,0,5,0,0,15,0.0
LEAD_01497,lead1497@example.com,standard_lead,62,0.6261671505568731,WARM,1,1,2,1,0,1,27.9
LEAD_03960,lead3960@example.com,standard_lead,28,0.28609784263356014,COLD,0,0,2,0,0,5,6.65
LEAD_03994,lead3994@example.com,standard_lead,65,0.6541128846689902,WARM,1,0,3,0,0,4,6.8
LEAD_00344,lead344@example.com,engaged_smb,87,0.879608016150447,HOT,1,1,11,1,0,0,70.55
LEAD_01587,lead1587@example.com,standard_lead,34,0.3417434261376524,COOL,0,0,2,0,0,9,11.45
LEAD_03464,lead3464@example.com,standard_lead,68,0.6835020614825744,WARM,1,0,2,0,0,3,22.8
LEAD_00227,lead227@example.com,standard_lead,77,0.7705510868632646,HOT,1,0,7,1,0,24,20.65
LEAD_01770,lead1770@example.com,standard_lead,62,0.6240999348844856,WARM,1,1,7,0,0,9,21.65
LEAD_01464,lead1464@example.com,engaged_smb,99,0.9976696950517945,HOT,1,1,12,1,1,0,109.6
LEAD_02137,lead2137@example.com,standard_lead,45,0.4597123186141049,COOL,0,0,6,0,1,3,15.2
LEAD_04905,lead4905@example.com,standard_lead,12,0.12797486330523952,COLD,0,0,4,0,0,3,6.0
LEAD_02485,lead2485@example.com,standard_lead,29,0.29250060181188126,COLD,0,0,3,0,0,0,27.15
LEAD_02120,lead2120@example.com,standard_lead,35,0.3592432941382726,COOL,0,0,6,0,0,12,7.95
LEAD_04864,lead4864@example.com,standard_lead,3,0.037293309385357874,COLD,0,0,4,0,0,50,0.0
LEAD_03993,lead3993@example.com,standard_lead,3,0.033842142685046296,COLD,0,0,3,0,0,38,0.0
LEAD_04710,lead4710@example.com,standard_lead,25,0.2506640825590764,COLD,0,0,6,0,0,0,7.15
LEAD_02630,lead2630@example.com,standard_lead,30,0.30486383576239073,COOL,0,0,6,0,0,13,8.2
LEAD_01847,lead1847@example.com,standard_lead,58,0.5836461872482108,WARM,1,1,3,0,1,4,15.3
LEAD_04665,lead4665@example.com,standard_lead,12,0.12227086767765434,COLD,0,0,1,0,0,26,0.0
LEAD_02641,lead2641@example.com,standard_lead,55,0.5502222649418097,WARM,1,0,8,0,1,31,19.7
LEAD_00975,lead975@example.com,standard_lead,83,0.8376918711948776,HOT,1,1,4,1,0,1,37.2
LEAD_04497,lead4497@example.com,standard_lead,18,0.18750028004669675,COLD,0,0,2,0,0,14,0.65
LEAD_00633,lead633@example.com,standard_lead,16,0.1602239542354949,COLD,0,0,3,0,0,3,1.85
LEAD_04308,lead4308@example.com,standard_lead,65,0.6558707129435429,WARM,1,0,7,0,1,13,16.85
LEAD_03948,lead3948@example.com,standard_lead,37,0.371552492971236,COOL,0,0,5,0,0,9,1.65
LEAD_04868,lead4868@example.com,cold_lead,50,0.5046145567883442,WARM,1,0,4,0,0,5,9.3
LEAD_04210,lead4210@example.com,standard_lead,44,0.448062465387112,COOL,0,1,9,1,0,20,22.8
LEAD_02751,lead2751@example.com,standard_lead,50,0.5065178478056206,WARM,1,0,6,1,0,7,21.8
LEAD_00142,lead142@example.com,standard_lead,69,0.6937421242045348,WARM,1,0,4,1,0,3,17.75
LEAD_00158,lead158@example.com,hot_lead,99,0.9909666459085142,HOT,1,1,19,1,1,1,97.55
LEAD_01714,lead1714@example.com,standard_lead,30,0.30303002140528995,COOL,0,0,7,0,0,7,1.8
LEAD_02118,lead2118@example.com,standard_lead,87,0.8766239903335001,HOT,1,1,3,0,1,0,38.0
LEAD_00117,lead117@example.com,warm_lead,99,0.9910189107168346,HOT,1,1,13,1,0,2,83.5
LEAD_01030,lead1030@example.com,standard_lead,15,0.15871899015223984,COLD,0,0,11,0,0,15,1.65
LEAD_01100,lead1100@example.com,standard_lead,41,0.4183035795122282,COOL,0,1,5,0,0,0,5.0
LEAD_02407,lead2407@example.com,standard_lead,13,0.13368877453453193,COLD,0,0,5,0,0,56,1.3
LEAD_00960,lead960@example.com,engaged_smb,99,0.9924474253760456,HOT,1,1,16,1,1,1,98.2
LEAD_02607,lead2607@example.com,standard_lead,9,0.09956071900442713,COLD,0,0,4,0,0,8,4.1
LEAD_04434,lead4434@example.com,standard_lead,17,0.17243609745126104,COLD,0,0,5,0,0,26,0.25
LEAD_00116,lead116@example.com,standard_lead,6,0.06317529169087707,COLD,0,0,6,0,0,38,0.0
LEAD_01984,lead1984@example.com,standard_lead,33,0.33320170296248325,COOL,0,1,5,0,0,1,4.35
LEAD_04320,lead4320@example.com,warm_lead,94,0.9491068645661164,HOT,1,1,7,1,0,0,75.45
LEAD_01200,lead1200@example.com,standard_lead,8,0.08728932749760493,COLD,0,0,5,0,0,20,0.0
LEAD_00602,lead602@example.com,standard_lead,9,0.09244758896588072,COLD,0,0,3,0,0,34,0.0
LEAD_00061,lead61@example.com,standard_lead,34,0.3427597202481419,COOL,0,0,8,0,0,1,2.95
LEAD_03000,lead3000@example.com,standard_lead,47,0.4764749666923087,COOL,0,0,8,1,0,21,24.6
LEAD_04569,lead4569@example.com,standard_lead,55,0.5522820774435735,WARM,1,0,4,1,0,28,19.95
LEAD_04633,lead4633@example.com,standard_lead,52,0.5272524691073851,WARM,1,0,7,0,1,15,12.65
LEAD_00206,lead206@example.com,standard_lead,64,0.6402476929902879,WARM,1,1,2,0,1,0,20.8
LEAD_04412,lead4412@example.com,standard_lead,45,0.458667543380686,COOL,0,0,6,0,0,5,15.9
LEAD_03445,lead3445@example.com,standard_lead,55,0.5546052168334287,WARM,1,0,7,0,0,8,9.75
LEAD_01212,lead1212@example.com,standard_lead,49,0.49725644450852285,COOL,0,0,5,0,0,6,3.95
LEAD_04235,lead4235@example.com,standard_lead,37,0.37997105741906273,COOL,0,1,5,0,0,5,3.75
LEAD_00529,lead529@example.com,standard_lead,15,0.15777584096109284,COLD,0,0,1,0,0,1,10.75
LEAD_03911,lead3911@example.com,standard_lead,25,0.25223034840487196,COLD,0,0,5,0,0,4,4.75
LEAD_01085,lead1085@example.com,standard_lead,40,0.4092761841164783,COOL,0,0,4,1,0,0,14.7
LEAD_04805,lead4805@example.com,standard_lead,69,0.6940569270983803,WARM,1,0,5,1,0,10,16.4
LEAD_04525,lead4525@example.com,warm_lead,99,0.9973782407430787,HOT,1,1,11,1,0,2,85.85
LEAD_02901,lead2901@example.com,standard_lead,14,0.14564002293045059,COLD,0,0,6,0,0,24,0.0
LEAD_01728,lead1728@example.com,standard_lead,52,0.5224180017868901,WARM,1,1,6,1,0,1,18.1
LEAD_04237,lead4237@example.com,standard_lead,52,0.5245067504729779,WARM,1,0,6,0,0,1,20.3
LEAD_00923,lead923@example.com,standard_lead,34,0.3424429313928165,COOL,0,0,3,0,0,0,16.4
LEAD_01831,lead1831@example.com,standard_lead,13,0.13070242511925367,COLD,0,0,4,0,0,31,0.0
LEAD_04511,lead4511@example.com,standard_lead,26,0.26819576118742305,COLD,0,0,6,0,0,25,2.15
LEAD_00736,lead736@example.com,standard_lead,11,0.11191494100852899,COLD,0,0,4,1,0,54,0.1
LEAD_00787,lead787@example.com,standard_lead,59,0.5990375188487217,WARM,1,0,6,1,0,8,28.05
LEAD_02604,lead2604@example.com,standard_lead,29,0.2991648511083313,COLD,0,1,5,0,0,18,3.25
LEAD_02278,lead2278@example.com,standard_lead,13,0.13730403927684454,COLD,0,0,4,0,0,4,7.75
LEAD_02568,lead2568@example.com,standard_lead,62,0.6214659590035497,WARM,1,0,7,0,0,17,12.05
LEAD_01034,lead1034@example.com,standard_lead,22,0.22668664406851888,COLD,0,0,3,0,0,4,2.5
LEAD_02608,lead2608@example.com,standard_lead,49,0.4936449212835061,COOL,0,0,1,1,0,4,27.2
LEAD_00680,lead680@example.com,standard_lead,38,0.38847601725773173,COOL,0,1,3,1,0,25,20.95
LEAD_01799,lead1799@example.com,standard_lead,23,0.23601117762010884,COLD,0,0,7,0,0,3,6.15
LEAD_00064,lead64@example.com,hot_lead,98,0.9873398955770314,HOT,1,1,20,1,0,1,94.7
LEAD_02659,lead2659@example.com,standard_lead,23,0.23662850831144708,COLD,0,0,7,0,0,3,10.65
LEAD_03368,lead3368@example.com,standard_lead,65,0.6543191753309648,WARM,1,0,6,0,1,0,13.2
LEAD_02333,lead2333@example.com,standard_lead,57,0.5798025004685401,WARM,1,0,3,1,0,6,19.75
LEAD_02466,lead2466@example.com,standard_lead,32,0.3249585036045296,COOL,0,0,6,0,0,25,0.0
LEAD_02697,lead2697@example.com,standard_lead,45,0.4535552526854175,COOL,0,0,6,1,0,1,16.8
LEAD_04773,lead4773@example.com,standard_lead,71,0.7127350918284635,WARM,1,1,4,1,0,5,20.1
LEAD_02762,lead2762@example.com,standard_lead,85,0.8564520940669765,HOT,1,0,6,1,0,5,39.65
LEAD_04775,lead4775@example.com,standard_lead,61,0.6199953503166714,WARM,1,0,4,0,0,5,19.35
LEAD_04039,lead4039@example.com,hot_lead,97,0.9770013841265954,HOT,1,1,13,1,0,0,77.05
LEAD_01367,lead1367@example.com,standard_lead,13,0.13635250424519121,COLD,0,0,5,0,0,19,0.0
LEAD_01926,lead1926@example.com,standard_lead,38,0.3846532855031147,COOL,0,0,0,0,0,5,1.85
LEAD_03807,lead3807@example.com,standard_lead,34,0.34577686793096396,COOL,0,0,4,0,0,5,0.0
LEAD_02259,lead2259@example.com,standard_lead,45,0.45537562124436776,COOL,0,0,4,0,0,1,9.3
LEAD_03309,lead3309@example.com,standard_lead,20,0.205080319650991,COLD,0,0,5,0,0,8,4.85
LEAD_04982,lead4982@example.com,standard_lead,29,0.2946213366998996,COLD,0,0,9,0,0,9,0.0
LEAD_01609,lead1609@example.com,standard_lead,16,0.16908904335818262,COLD,0,0,5,1,0,40,0.0
LEAD_01549,lead1549@example.com,standard_lead,45,0.453060623792251,COOL,0,1,2,0,0,6,5.9
LEAD_03028,lead3028@example.com,standard_lead,19,0.19133096072089892,COLD,0,1,5,0,0,14,0.0
LEAD_00377,lead377@example.com,standard_lead,40,0.406006753023607,COOL,0,0,4,0,1,27,5.05
LEAD_01908,lead1908@example.com,standard_lead,73,0.7366223359821436,WARM,1,0,5,0,1,18,10.7
LEAD_01816,lead1816@example.com,standard_lead,11,0.11298524621220171,COLD,0,0,6,1,0,40,0.0
LEAD_03945,lead3945@example.com,standard_lead,23,0.232899746140254,COLD,0,0,5,0,0,2,3.4
LEAD_00278,lead278@example.com,standard_lead,30,0.3009456747683415,COOL,0,0,5,0,0,10,2.65
LEAD_01837,lead1837@example.com,standard_lead,23,0.2350672571326498,COLD,0,0,3,0,0,1,12.3
LEAD_01544,lead1544@example.com,hot_lead,99,0.9976870005543093,HOT,1,1,12,1,1,0,99.95
LEAD_00010,lead10@example.com,standard_lead,17,0.1711555722268105,COLD,0,0,7,1,0,32,8.25
LEAD_03097,lead3097@example.com,standard_lead,16,0.16736355171994455,COLD,0,0,5,0,0,6,4.25
LEAD_03076,lead3076@example.com,standard_lead,65,0.6545702492116303,WARM,1,1,4,1,0,1,27.15
LEAD_03375,lead3375@example.com,standard_lead,24,0.24951062052428444,COLD,0,0,6,0,0,6,6.2
LEAD_01183,lead1183@example.com,standard_lead,54,0.5474565191990918,WARM,1,1,6,1,1,39,23.15
LEAD_03643,lead3643@example.com,standard_lead,20,0.20117254772078666,COLD,0,0,4,1,0,19,11.25
LEAD_03135,lead3135@example.com,engaged_smb,99,0.9971201824679993,HOT,1,1,16,1,1,2,101.7
LEAD_04871,lead4871@example.com,warm_lead,94,0.945869254251751,HOT,1,1,13,1,0,0,100.2
LEAD_01620,lead1620@example.com,standard_lead,52,0.5216396983539241,WARM,1,0,8,0,0,3,7.25
LEAD_03558,lead3558@example.com,standard_lead,92,0.9227123926738299,HOT,1,0,7,1,1,3,46.45
LEAD_01058,lead1058@example.com,standard_lead,29,0.2937872662115689,COLD,0,0,4,0,0,22,0.3
LEAD_00440,lead440@example.com,hot_lead,99,0.9914890466056624,HOT,1,1,16,1,0,1,96.75
LEAD_04356,lead4356@example.com,standard_lead,33,0.3346684469977995,COOL,0,0,8,0,0,11,1.25
LEAD_00320,lead320@example.com,standard_lead,61,0.6109724307752319,WARM,1,1,6,0,1,3,19.85
LEAD_03649,lead3649@example.com,standard_lead,44,0.4477549764461885,COOL,0,0,6,0,0,5,12.95
LEAD_02083,lead2083@example.com,standard_lead,36,0.36704949540760773,COOL,0,0,5,0,0,5,0.5
LEAD_02948,lead2948@example.com,standard_lead,57,0.5768225772044784,WARM,1,0,3,0,1,14,9.7
LEAD_01866,lead1866@example.com,standard_lead,46,0.4659470685385895,COOL,0,1,5,0,0,3,10.2
LEAD_04303,lead4303@example.com,standard_lead,62,0.6291855636166274,WARM,1,0,3,1,0,1,39.4
LEAD_01912,lead1912@example.com,standard_lead,74,0.7413288422999039,WARM,1,1,6,1,0,3,33.7
LEAD_03822,lead3822@example.com,standard_lead,57,0.5772962505432112,WARM,1,1,4,0,1,1,19.25
LEAD_04009,lead4009@example.com,standard_lead,42,0.4231763758721238,COOL,0,0,3,1,0,3,22.35
LEAD_00015,lead15@example.com,warm_lead,97,0.9701803048091241,HOT,1,1,13,1,0,2,69.6
LEAD_04446,lead4446@example.com,standard_lead,52,0.5254410284711798,WARM,1,0,6,1,0,14,25.05
LEAD_02870,lead2870@example.com,standard_lead,14,0.14846660521041585,COLD,0,0,6,0,0,3,5.45
LEAD_02519,lead2519@example.com,standard_lead,57,0.5746253731787957,WARM,1,0,5,1,0,12,10.8
LEAD_03360,lead3360@example.com,standard_lead,23,0.23862263251515564,COLD,0,0,4,0,0,12,0.0
LEAD_01776,lead1776@example.com,standard_lead,67,0.6795540815188652,WARM,1,0,9,1,0,5,22.2
LEAD_04671,lead4671@example.com,standard_lead,36,0.3638487084282867,COOL,0,0,5,0,0,6,7.25
LEAD_03465,lead3465@example.com,standard_lead,14,0.1488747166096541,COLD,0,0,4,0,0,9,7.7
LEAD_02988,lead2988@example.com,standard_lead,54,0.5471213226843142,WARM,1,1,7,0,0,5,12.95
LEAD_04992,lead4992@example.com,standard_lead,19,0.19212950967497192,COLD,0,0,3,0,0,4,0.0
LEAD_01399,lead1399@example.com,standard_lead,22,0.22513642108933238,COLD,0,0,6,0,0,18,0.0
LEAD_04628,lead4628@example.com,standard_lead,68,0.6890840613527367,WARM,1,0,4,0,0,4,22.5
LEAD_00730,lead730@example.com,standard_lead,65,0.651992940190617,WARM,1,0,4,1,0,2,19.1
LEAD_03893,lead3893@example.com,warm_lead,98,0.9823360341576352,HOT,1,1,13,1,1,0,75.4
LEAD_03163,lead3163@example.com,standard_lead,36,0.3608943371689923,COOL,0,1,4,0,0,0,6.9
LEAD_04234,lead4234@example.com,standard_lead,47,0.4756692210352928,COOL,0,0,7,0,0,7,10.4
LEAD_01314,lead1314@example.com,standard_lead,48,0.4831182994844286,COOL,0,0,8,0,0,4,13.8
LEAD_01559,lead1559@example.com,standard_lead,53,0.5361897571164018,WARM,1,0,5,0,0,6,5.05
LEAD_03263,lead3263@example.com,cold_lead,42,0.42268247335416637,COOL,0,0,4,0,0,1,4.1
LEAD_02769,lead2769@example.com,standard_lead,46,0.4660311025309743,COOL,0,0,4,0,0,6,9.0
LEAD_02368,lead2368@example.com,standard_lead,25,0.2534666828241791,COLD,0,0,5,0,0,8,7.3
LEAD_02925,lead2925@example.com,standard_lead,87,0.87187890468021,HOT,1,1,7,1,1,2,47.25
LEAD_04669,lead4669@example.com,standard_lead,38,0.38631082778693066,COOL,0,0,5,1,1,41,15.8
LEAD_01771,lead1771@example.com,standard_lead,36,0.366499633795711,COOL,0,0,5,0,0,10,1.9
LEAD_03901,lead3901@example.com,standard_lead,23,0.23081954768443577,COLD,0,1,5,0,0,7,1.05
LEAD_04375,lead4375@example.com,standard_lead,46,0.46594693516607927,COOL,0,0,5,0,0,1,10.1
LEAD_03363,lead3363@example.com,standard_lead,17,0.1774036146223039,COLD,0,0,5,0,0,11,4.5
LEAD_01081,lead1081@example.com,standard_lead,41,0.41227588023609874,COOL,0,1,8,0,0,2,12.9
LEAD_02492,lead2492@example.com,standard_lead,13,0.13987548657733995,COLD,0,0,9,0,0,25,0.0
LEAD_03451,lead3451@example.com,standard_lead,15,0.15906334746082948,COLD,0,1,3,0,0,11,0.0
LEAD_02042,lead2042@example.com,standard_lead,48,0.48966248162507364,COOL,0,0,7,1,0,37,17.85
LEAD_01781,lead1781@example.com,standard_lead,7,0.07917544261846304,COLD,0,0,2,0,0,26,0.0
LEAD_01165,lead1165@example.com,standard_lead,28,0.2828349297595436,COLD,0,0,9,0,0,9,2.15
LEAD_03241,lead3241@example.com,standard_lead,20,0.20974471677050718,COLD,0,0,5,0,0,8,0.0
LEAD_03922,lead3922@example.com,standard_lead,34,0.3440786768251576,COOL,0,0,8,0,0,17,4.45
LEAD_01643,lead1643@example.com,standard_lead,71,0.7182565435247839,WARM,1,1,9,0,1,5,20.15
LEAD_03579,lead3579@example.com,standard_lead,20,0.2004057415668098,COLD,0,0,3,0,0,24,0.0
LEAD_00550,lead550@example.com,engaged_smb,98,0.9840591106450254,HOT,1,1,17,1,1,0,88.75
LEAD_01873,lead1873@example.com,standard_lead,84,0.844726161830197,HOT,1,0,3,1,1,4,41.6
LEAD_04672,lead4672@example.com,standard_lead,68,0.6835793166113666,WARM,1,1,4,1,0,8,24.2
LEAD_04791,lead4791@example.com,hot_lead,99,0.9967901412782669,HOT,1,1,12,1,0,2,104.0
LEAD_02531,lead2531@example.com,standard_lead,48,0.48299333146815965,COOL,0,1,4,1,0,4,24.15
LEAD_02411,lead2411@example.com,standard_lead,5,0.05913990407686669,COLD,0,0,3,0,0,17,0.0
LEAD_03463,lead3463@example.com,standard_lead,8,0.08450422794410248,COLD,0,0,5,0,0,37,0.0
LEAD_00266,lead266@example.com,standard_lead,23,0.23701506700765584,COLD,0,0,5,0,0,13,6.5
LEAD_02510,lead2510@example.com,standard_lead,52,0.5242643576658418,WARM,1,1,4,0,0,1,16.65
LEAD_01121,lead1121@example.com,standard_lead,22,0.2268094687480787,COLD,0,0,8,0,0,1,3.25
LEAD_01820,lead1820@example.com,standard_lead,81,0.8132691306645982,HOT,1,0,6,1,0,2,31.55
LEAD_00316,lead316@example.com,standard_lead,13,0.13039886968581652,COLD,0,0,4,0,0,11,0.0
LEAD_02390,lead2390@example.com,standard_lead,15,0.15807040824202642,COLD,0,0,3,0,0,17,0.0
LEAD_04313,lead4313@example.com,standard_lead,51,0.5162005053337346,WARM,1,0,6,0,0,1,17.2
LEAD_04676,lead4676@example.com,warm_lead,99,0.9979322917052145,HOT,1,1,19,1,0,4,103.6
LEAD_00725,lead725@example.com,warm_lead,96,0.9685309403286695,HOT,1,1,13,1,0,4,83.7
LEAD_01685,lead1685@example.com,standard_lead,39,0.3938114121508966,COOL,0,0,3,0,0,9,1.3
LEAD_04122,lead4122@example.com,standard_lead,32,0.3224352517066816,COOL,0,0,5,0,0,24,1.4
LEAD_03176,lead3176@example.com,warm_lead,99,0.9990025251621081,HOT,1,1,14,1,1,6,99.4
LEAD_03051,lead3051@example.com,standard_lead,66,0.6671260873627141,WARM,1,0,5,0,1,7,16.9
LEAD_02429,lead2429@example.com,standard_lead,51,0.5170525894815952,WARM,1,1,3,1,0,6,6.5
LEAD_01255,lead1255@example.com,standard_lead,10,0.10668271256416803,COLD,0,0,7,0,0,26,0.0
LEAD_03561,lead3561@example.com,standard_lead,32,0.3245534820425025,COOL,0,0,5,0,0,1,13.25
LEAD_04551,lead4551@example.com,standard_lead,37,0.37303621113371727,COOL,0,0,2,0,0,3,16.6
LEAD_01638,lead1638@example.com,standard_lead,41,0.41342986028755263,COOL,0,0,6,0,0,17,18.25
LEAD_00219,lead219@example.com,standard_lead,51,0.5107237866892503,WARM,1,1,5,0,0,12,14.05
LEAD_00136,lead136@example.com,standard_lead,28,0.2834243090577015,COLD,0,1,7,0,0,14,6.35
LEAD_02933,lead2933@example.com,standard_lead,30,0.3058158189057372,COOL,0,0,4,0,0,4,5.5
LEAD_01191,lead1191@example.com,standard_lead,72,0.7261870452870355,WARM,1,1,3,0,1,7,28.3
LEAD_01095,lead1095@example.com,standard_lead,21,0.21317867764032153,COLD,0,0,5,0,0,9,3.4
LEAD_04251,lead4251@example.com,standard_lead,41,0.4157318796012568,COOL,0,0,4,0,1,15,16.5
LEAD_02575,lead2575@example.com,standard_lead,20,0.20063944624916671,COLD,0,0,4,0,0,18,0.0
LEAD_02953,lead2953@example.com,engaged_smb,94,0.9490438868147195,HOT,1,1,24,1,0,0,96.45
LEAD_04181,lead4181@example.com,standard_lead,36,0.36696707128969247,COOL,0,0,0,1,0,0,20.15
LEAD_03523,lead3523@example.com,standard_lead,13,0.13552728628653207,COLD,0,0,3,0,0,15,0.0
LEAD_01205,lead1205@example.com,standard_lead,46,0.46794472597860687,COOL,0,1,3,0,0,1,12.2
LEAD_00369,lead369@example.com,warm_lead,99,0.9938360118428611,HOT,1,1,11,1,1,4,100.55
LEAD_02715,lead2715@example.com,standard_lead,46,0.46411831673777937,COOL,0,0,7,0,0,0,6.5
LEAD_04696,lead4696@example.com,standard_lead,8,0.08641181773956018,COLD,0,0,4,0,0,39,0.0
LEAD_04768,lead4768@example.com,standard_lead,30,0.30030111381095015,COOL,0,1,3,0,0,12,1.4
LEAD_03894,lead3894@example.com,standard_lead,25,0.2506933572688227,COLD,0,0,8,0,0,4,3.6
LEAD_01217,lead1217@example.com,standard_lead,22,0.2283854254740381,COLD,0,0,4,0,0,9,3.7
LEAD_00052,lead52@example.com,standard_lead,39,0.3959597158012626,COOL,0,1,5,1,0,22,12.9
LEAD_04352,lead4352@example.com,hot_lead,99,0.9975133029104398,HOT,1,1,12,1,1,1,116.55
LEAD_02151,lead2151@example.com,standard_lead,41,0.4108005543692545,COOL,0,0,3,0,0,24,0.0
LEAD_04199,lead4199@example.com,warm_lead,95,0.9590020949276132,HOT,1,1,8,1,1,0,87.75
LEAD_01862,lead1862@example.com,standard_lead,21,0.2172138719456864,COLD,0,0,4,0,0,17,7.65
LEAD_04962,lead4962@example.com,warm_lead,99,0.9925621186641332,HOT,1,1,15,1,0,1,105.0
LEAD_01619,lead1619@example.com,standard_lead,8,0.0841395037737587,COLD,0,0,5,0,0,34,0.0
LEAD_04226,lead4226@example.com,hot_lead,97,0.9799160506839504,HOT,1,1,13,1,1,0,91.5
LEAD_04296,lead4296@example.com,standard_lead,32,0.3285617151367442,COOL,0,0,5,0,0,6,14.3
LEAD_03732,lead3732@example.com,standard_lead,7,0.07829894939351154,COLD,0,0,5,0,0,36,0.0
LEAD_01498,lead1498@example.com,standard_lead,49,0.4988005565586643,COOL,0,1,7,0,0,7,18.2
LEAD_03826,lead3826@example.com,standard_lead,12,0.1274704078967328,COLD,0,0,2,0,0,34,0.0
LEAD_01809,lead1809@example.com,standard_lead,79,0.7986806816585166,HOT,1,0,8,1,1,4,36.2
LEAD_04663,lead4663@example.com,standard_lead,13,0.13191282243250704,COLD,0,0,2,0,0,26,0.0
LEAD_02706,lead2706@example.com,standard_lead,36,0.36660868279783254,COOL,0,1,9,1,0,26,24.7
LEAD_01002,lead1002@example.com,standard_lead,41,0.4167129982094657,COOL,0,1,6,0,0,3,12.95
LEAD_02886,lead2886@example.com,standard_lead,18,0.1832102870598535,COLD,0,0,2,0,0,14,3.95
LEAD_04246,lead4246@example.com,standard_lead,35,0.3531822604825766,COOL,0,0,6,1,0,30,19.95
LEAD_02616,lead2616@example.com,standard_lead,91,0.9189595031310857,HOT,1,1,5,1,1,9,43.8
LEAD_04485,lead4485@example.com,warm_lead,97,0.9770259952121715,HOT,1,1,17,1,1,0,81.4
LEAD_02384,lead2384@example.com,standard_lead,53,0.5357508694692269,WARM,1,0,7,0,0,3,8.95
LEAD_03074,lead3074@example.com,standard_lead,31,0.3170176857396476,COOL,0,0,4,0,0,15,7.8
LEAD_03810,lead3810@example.com,standard_lead,41,0.4123382721165988,COOL,0,1,3,0,0,6,0.0
LEAD_02351,lead2351@example.com,standard_lead,75,0.7577343205791308,HOT,1,0,2,0,1,8,28.0
LEAD_04092,lead4092@example.com,standard_lead,59,0.5944039028253486,WARM,1,0,4,0,1,11,13.95
LEAD_01661,lead1661@example.com,standard_lead,28,0.2840697322253871,COLD,0,1,4,0,0,12,9.8
LEAD_03566,lead3566@example.com,standard_lead,32,0.32303512473205276,COOL,0,0,3,0,0,18,8.8
LEAD_03635,lead3635@example.com,engaged_smb,97,0.9711900314142321,HOT,1,1,14,1,1,0,89.35
LEAD_00341,lead341@example.com,standard_lead,40,0.404314706253838,COOL,0,1,2,0,0,0,4.1
LEAD_00195,lead195@example.com,standard_lead,24,0.24710560777852583,COLD,0,1,7,0,0,10,3.2
LEAD_00209,lead209@example.com,standard_lead,47,0.4774524188799873,COOL,0,0,1,0,0,3,24.5
LEAD_04942,lead4942@example.com,standard_lead,75,0.7527248260463416,HOT,1,1,4,0,1,15,22.1
LEAD_00940,lead940@example.com,standard_lead,57,0.579462467820188,WARM,1,1,4,0,1,5,19.75
LEAD_01018,lead1018@example.com,standard_lead,67,0.6766365786053282,WARM,1,1,8,0,1,5,36.8
LEAD_02820,lead2820@example.com,standard_lead,50,0.5062838875843119,WARM,1,0,6,0,0,0,9.7
LEAD_04852,lead4852@example.com,standard_lead,32,0.32620604442941453,COOL,0,0,6,0,0,0,19.05
LEAD_00204,lead204@example.com,standard_lead,71,0.7173645027127066,WARM,1,0,2,1,0,0,24.4
LEAD_00080,lead80@example.com,standard_lead,32,0.3255877335400701,COOL,0,0,6,0,0,8,5.65
LEAD_03108,lead3108@example.com,standard_lead,43,0.43315817477202934,COOL,0,0,2,0,1,6,13.25
LEAD_00187,lead187@example.com,warm_lead,99,0.9960690362240413,HOT,1,1,15,1,1,1,110.85
LEAD_04800,lead4800@example.com,standard_lead,25,0.2587714634560785,COLD,0,0,5,0,0,7,6.5
LEAD_04078,lead4078@example.com,warm_lead,98,0.9824069959422035,HOT,1,1,16,1,0,2,87.35
LEAD_03121,lead3121@example.com,engaged_smb,99,0.9938107383688795,HOT,1,1,11,1,0,13,76.55
LEAD_01766,lead1766@example.com,standard_lead,34,0.34091600717045123,COOL,0,0,11,0,0,24,11.3
LEAD_01529,lead1529@example.com,standard_lead,23,0.2317086581202515,COLD,0,0,5,0,0,22,7.55
LEAD_03393,lead3393@example.com,standard_lead,30,0.3089377452818477,COOL,0,0,4,0,0,6,6.45
LEAD_00832,lead832@example.com,standard_lead,58,0.5875159748881507,WARM,1,0,8,0,0,13,10.35
LEAD_00442,lead442@example.com,standard_lead,47,0.4735404635790942,COOL,0,1,7,0,0,1,8.25
LEAD_04840,lead4840@example.com,standard_lead,18,0.18611602326601906,COLD,0,0,3,0,0,0,9.8
LEAD_01950,lead1950@example.com,standard_lead,56,0.5687459505766332,WARM,1,0,3,1,0,5,17.85
LEAD_00128,lead128@example.com,warm_lead,99,0.9979477264167359,HOT,1,1,8,1,0,1,64.95
LEAD_00738,lead738@example.com,standard_lead,50,0.5098310362663195,WARM,1,1,7,0,0,5,9.6
LEAD_03636,lead3636@example.com,standard_lead,33,0.33095252753239107,COOL,0,0,1,0,0,8,0.0
LEAD_01731,lead1731@example.com,standard_lead,30,0.3012704666824974,COOL,0,0,5,0,0,1,6.75
LEAD_02752,lead2752@example.com,standard_lead,36,0.3677247411137726,COOL,0,0,6,1,0,25,13.8
LEAD_02003,lead2003@example.com,standard_lead,14,0.14798796676860246,COLD,0,0,3,0,0,8,0.0
LEAD_01263,lead1263@example.com,standard_lead,49,0.49185293271025843,COOL,0,0,6,0,0,3,8.9
LEAD_04309,lead4309@example.com,standard_lead,10,0.10879195050140465,COLD,0,0,5,0,0,34,0.0
LEAD_03091,lead3091@example.com,hot_lead,95,0.9576915507359659,HOT,1,1,7,0,1,2,56.55
LEAD_03525,lead3525@example.com,standard_lead,58,0.5860512927927396,WARM,1,0,10,0,0,9,23.75
LEAD_00060,lead60@example.com,standard_lead,37,0.379380708375447,COOL,0,0,2,0,0,0,0.4
LEAD_00868,lead868@example.com,standard_lead,31,0.3161312079003759,COOL,0,0,7,0,0,13,2.15
LEAD_00939,lead939@example.com,standard_lead,29,0.2914364025708223,COLD,0,0,3,0,0,7,15.95
LEAD_02230,lead2230@example.com,standard_lead,7,0.07608400014024999,COLD,0,0,7,0,0,11,2.1
LEAD_02156,lead2156@example.com,standard_lead,36,0.36673039118791156,COOL,0,1,3,0,0,18,3.2
LEAD_02559,lead2559@example.com,standard_lead,4,0.04188369566253002,COLD,0,0,4,0,0,24,0.0
LEAD_01940,lead1940@example.com,hot_lead,99,0.9932979813574169,HOT,1,1,7,1,1,2,68.35
LEAD_01563,lead1563@example.com,standard_lead,50,0.50228850318773,WARM,1,0,4,1,0,27,6.75
LEAD_04294,lead4294@example.com,hot_lead,98,0.9894094984963379,HOT,1,0,14,1,1,0,97.65
LEAD_04835,lead4835@example.com,standard_lead,49,0.49191711167229146,COOL,0,0,3,0,1,4,16.3
LEAD_04431,lead4431@example.com,standard_lead,74,0.7465700380460184,WARM,1,0,5,1,0,12,22.35
LEAD_02229,lead2229@example.com,standard_lead,57,0.574732021424772,WARM,1,0,5,0,1,15,17.3
LEAD_04528,lead4528@example.com,standard_lead,49,0.4983924213268242,COOL,0,0,3,0,1,14,13.25
LEAD_03840,lead3840@example.com,standard_lead,20,0.20665362939585397,COLD,0,0,1,0,0,5,5.4
LEAD_01026,lead1026@example.com,standard_lead,5,0.05346559609728895,COLD,0,0,1,0,0,20,0.0
LEAD_00565,lead565@example.com,standard_lead,18,0.18571254101305681,COLD,0,0,8,1,0,38,7.25
LEAD_00472,lead472@example.com,standard_lead,83,0.8335078591568568,HOT,1,1,4,0,1,16,29.65
LEAD_00249,lead249@example.com,standard_lead,28,0.2886856676979079,COLD,0,0,1,0,0,4,0.5
LEAD_02504,lead2504@example.com,standard_lead,18,0.18997253363991223,COLD,0,0,6,0,0,10,0.0
LEAD_03231,lead3231@example.com,standard_lead,43,0.43775098630545484,COOL,0,0,5,0,0,7,1.85
LEAD_02355,lead2355@example.com,standard_lead,61,0.6169389512968955,WARM,1,0,5,0,0,5,10.85
LEAD_03243,lead3243@example.com,hot_lead,99,0.9933460369182404,HOT,1,1,14,1,1,5,76.55
LEAD_02671,lead2671@example.com,standard_lead,60,0.6044681517585059,WARM,1,0,2,1,0,0,39.05
LEAD_02154,lead2154@example.com,engaged_smb,90,0.9065435765405276,HOT,1,1,12,1,0,2,52.3
LEAD_04013,lead4013@example.com,standard_lead,91,0.9118721604853088,HOT,1,1,5,1,0,3,40.35
LEAD_02034,lead2034@example.com,standard_lead,65,0.6525135079751003,WARM,1,0,3,1,0,3,40.7
LEAD_04683,lead4683@example.com,hot_lead,98,0.9840707374978085,HOT,1,1,19,1,1,0,99.7
LEAD_04495,lead4495@example.com,standard_lead,10,0.10575308124917923,COLD,0,0,5,0,0,33,0.0
LEAD_04198,lead4198@example.com,standard_lead,27,0.27178338939981234,COLD,0,0,4,0,0,6,5.35
LEAD_03967,lead3967@example.com,standard_lead,38,0.38769116695296224,COOL,0,0,3,0,0,8,18.15
LEAD_00408,lead408@example.com,standard_lead,32,0.32333257370935464,COOL,0,0,6,0,0,1,16.3
LEAD_04925,lead4925@example.com,standard_lead,45,0.4532073689232784,COOL,0,1,7,0,0,13,11.75
LEAD_04172,lead4172@example.com,standard_lead,54,0.5490971770943059,WARM,1,1,5,1,0,5,22.25
LEAD_04817,lead4817@example.com,standard_lead,6,0.062184074923119156,COLD,0,0,2,0,0,28,0.0
LEAD_00312,lead312@example.com,standard_lead,51,0.5137514471586764,WARM,1,1,4,0,0,1,12.45
LEAD_04756,lead4756@example.com,standard_lead,25,0.2591696762837566,COLD,0,0,6,0,0,0,5.8
LEAD_01842,lead1842@example.com,warm_lead,99,0.9993633646846916,HOT,1,1,13,1,1,1,74.2
LEAD_01674,lead1674@example.com,standard_lead,10,0.10760460624943427,COLD,0,0,6,0,1,51,0.0
LEAD_00295,lead295@example.com,standard_lead,55,0.5523158583929166,WARM,1,1,8,1,0,3,28.5
LEAD_02361,lead2361@example.com,standard_lead,50,0.5030421571515135,WARM,1,0,5,0,0,7,10.4
LEAD_04576,lead4576@example.com,standard_lead,24,0.24026986012619905,COLD,0,0,6,0,0,4,16.0
LEAD_02564,lead2564@example.com,standard_lead,36,0.36724090014346794,COOL,0,0,3,0,0,6,3.75
LEAD_01914,lead1914@example.com,standard_lead,31,0.3128857717145563,COOL,0,0,2,0,0,2,4.15
LEAD_01757,lead1757@example.com,standard_lead,43,0.43370145789785725,COOL,0,1,2,0,0,6,14.15
LEAD_04268,lead4268@example.com,hot_lead,98,0.9884597400667077,HOT,1,1,16,1,0,4,79.5
LEAD_04010,lead4010@example.com,standard_lead,8,0.08663961498198813,COLD,0,0,4,0,0,37,0.0
LEAD_00232,lead232@example.com,standard_lead,31,0.31797677343466957,COOL,0,0,3,0,0,1,12.95
LEAD_04056,lead4056@example.com,standard_lead,45,0.4561977456848231,COOL,0,0,4,1,0,9,8.85
LEAD_02714,lead2714@example.com,standard_lead,26,0.26697919670972986,COLD,0,0,5,0,0,36,0.0
LEAD_02509,lead2509@example.com,standard_lead,59,0.5939258505666946,WARM,1,1,6,1,0,2,33.75
LEAD_04114,lead4114@example.com,engaged_smb,96,0.9604334830953211,HOT,1,1,17,1,0,0,65.85
LEAD_01700,lead1700@example.com,standard_lead,42,0.42974916516371076,COOL,0,0,9,0,0,13,0.5
LEAD_01431,lead1431@example.com,standard_lead,45,0.4529665822212756,COOL,0,0,7,0,0,0,5.95
LEAD_00967,lead967@example.com,standard_lead,8,0.0887761545175161,COLD,0,0,5,0,0,16,0.0
LEAD_02736,lead2736@example.com,standard_lead,41,0.41330218713191147,COOL,0,1,2,0,0,3,3.2
LEAD_03796,lead3796@example.com,standard_lead,30,0.3042524110389366,COOL,0,1,3,0,0,23,4.6
LEAD_02197,lead2197@example.com,standard_lead,67,0.6759819283615327,WARM,1,1,7,0,1,4,28.0
LEAD_04563,lead4563@example.com,standard_lead,34,0.3482446577341657,COOL,0,0,3,0,0,2,9.95
LEAD_04715,lead4715@example.com,standard_lead,58,0.5884936672119684,WARM,1,1,6,1,0,9,23.15
LEAD_02247,lead2247@example.com,warm_lead,94,0.9435289944134093,HOT,1,1,14,1,0,10,70.35
LEAD_03909,lead3909@example.com,standard_lead,54,0.5475923541808173,WARM,1,0,3,1,0,18,17.25
LEAD_01902,lead1902@example.com,standard_lead,46,0.46692324528480533,COOL,0,0,10,0,1,6,15.55
LEAD_02279,lead2279@example.com,standard_lead,61,0.6129558590843354,WARM,1,1,9,1,0,11,30.25
LEAD_04953,lead4953@example.com,standard_lead,23,0.2348333023311089,COLD,0,0,1,0,0,0,8.85
LEAD_01683,lead1683@example.com,standard_lead,53,0.5340574494540903,WARM,1,0,6,0,1,6,14.45
LEAD_02158,lead2158@example.com,standard_lead,73,0.7352261743288389,WARM,1,0,5,0,1,19,15.25
LEAD_01118,lead1118@example.com,standard_lead,29,0.2999680714916959,COLD,0,1,6,0,0,8,2.05
LEAD_03660,lead3660@example.com,standard_lead,70,0.7029657822520999,WARM,1,0,10,1,0,12,19.0
LEAD_02093,lead2093@example.com,hot_lead,99,0.998263792557785,HOT,1,1,10,1,1,1,85.6
LEAD_04874,lead4874@example.com,standard_lead,38,0.38777619877298314,COOL,0,0,8,0,0,8,17.25
LEAD_00653,lead653@example.com,standard_lead,64,0.6406080110831971,WARM,1,1,7,0,1,10,24.75
LEAD_01783,lead1783@example.com,standard_lead,60,0.6056788484475633,WARM,1,0,5,0,0,2,15.35
LEAD_03694,lead3694@example.com,standard_lead,64,0.6414585416929351,WARM,1,1,5,0,1,15,10.45
LEAD_02432,lead2432@example.com,hot_lead,99,0.9908145358011263,HOT,1,1,13,1,0,0,76.4
LEAD_02779,lead2779@example.com,standard_lead,39,0.39734337543405046,COOL,0,0,4,1,0,0,8.9
LEAD_03733,lead3733@example.com,standard_lead,36,0.3636359372318177,COOL,0,0,5,0,0,2,8.35
LEAD_04677,lead4677@example.com,standard_lead,54,0.5441943718583548,WARM,1,0,6,0,0,23,6.25
LEAD_02647,lead2647@example.com,standard_lead,31,0.31308787296537377,COOL,0,1,6,0,0,5,16.45
LEAD_02421,lead2421@example.com,standard_lead,55,0.5534721598709886,WARM,1,0,6,1,0,16,23.5
LEAD_03246,lead3246@example.com,standard_lead,15,0.1536122871299737,COLD,0,0,6,0,0,18,6.75
LEAD_03870,lead3870@example.com,standard_lead,54,0.5425590986511315,WARM,1,0,3,0,0,9,21.25
LEAD_04116,lead4116@example.com,standard_lead,38,0.385219186833892,COOL,0,0,3,0,0,3,7.55
LEAD_03035,lead3035@example.com,engaged_smb,99,0.9960241591076666,HOT,1,1,22,1,1,1,81.75
LEAD_04182,lead4182@example.com,standard_lead,76,0.767064812397191,HOT,1,1,3,1,1,6,31.25
LEAD_04328,lead4328@example.com,standard_lead,27,0.2735514614676833,COLD,0,0,6,0,0,2,5.05
LEAD_01378,lead1378@example.com,standard_lead,47,0.4704879318054748,COOL,0,0,5,0,0,2,12.55
LEAD_01145,lead1145@example.com,standard_lead,40,0.407447772615298,COOL,0,1,3,1,0,4,19.55
LEAD_00885,lead885@example.com,warm_lead,98,0.9887672451063134,HOT,1,1,10,1,1,13,93.3
LEAD_04454,lead4454@example.com,standard_lead,48,0.4875380367750009,COOL,0,1,6,1,0,0,25.9
LEAD_04174,lead4174@example.com,standard_lead,23,0.23079534047367806,COLD,0,0,3,0,0,29,0.0
LEAD_01482,lead1482@example.com,standard_lead,19,0.19419136359477818,COLD,0,0,4,0,0,9,0.0
LEAD_01641,lead1641@example.com,standard_lead,85,0.8520218891707638,HOT,1,1,6,1,0,7,33.05
LEAD_01381,lead1381@example.com,standard_lead,31,0.31880119922717304,COOL,0,1,3,0,0,1,16.3
LEAD_04369,lead4369@example.com,standard_lead,31,0.3176942327989122,COOL,0,0,8,0,0,16,6.35
LEAD_00314,lead314@example.com,standard_lead,57,0.5735292704228806,WARM,1,0,6,1,0,3,28.75
LEAD_00570,lead570@example.com,engaged_smb,92,0.9252608899028785,HOT,1,1,21,1,0,0,87.45
LEAD_03837,lead3837@example.com,standard_lead,15,0.15481257779979785,COLD,0,0,0,0,0,35,0.0
LEAD_00293,lead293@example.com,standard_lead,13,0.13688405305332346,COLD,0,0,3,1,0,37,0.0
LEAD_02116,lead2116@example.com,standard_lead,29,0.2909126644969146,COLD,0,1,6,0,0,9,17.95
LEAD_03282,lead3282@example.com,standard_lead,50,0.502821520003107,WARM,1,1,3,1,0,2,31.2
LEAD_01974,lead1974@example.com,standard_lead,65,0.6562886553391829,WARM,1,0,2,0,1,0,21.2
LEAD_04613,lead4613@example.com,standard_lead,17,0.1729279198819433,COLD,0,0,3,0,0,9,3.0
LEAD_02633,lead2633@example.com,standard_lead,46,0.46833438045023934,COOL,0,0,6,0,0,4,4.4
LEAD_02798,lead2798@example.com,engaged_smb,98,0.9864812863186175,HOT,1,1,14,1,1,3,83.15
LEAD_02598,lead2598@example.com,warm_lead,99,0.9977479075318951,HOT,1,1,19,1,1,8,111.2
LEAD_04066,lead4066@example.com,standard_lead,82,0.8268825082701463,HOT,1,0,6,0,1,9,25.1
LEAD_04189,lead4189@example.com,standard_lead,41,0.41124291715343736,COOL,0,1,6,0,0,9,3.9
LEAD_03491,lead3491@example.com,standard_lead,61,0.6154452644445928,WARM,1,0,4,1,0,13,23.95
LEAD_03992,lead3992@example.com,standard_lead,27,0.27156218401517745,COLD,0,0,7,0,0,5,8.1
LEAD_04855,lead4855@example.com,standard_lead,56,0.567422452391623,WARM,1,0,2,1,0,3,26.05
LEAD_04209,lead4209@example.com,standard_lead,26,0.26008440459944665,COLD,0,0,7,0,0,16,3.5
LEAD_00151,lead151@example.com,standard_lead,32,0.3227490064388538,COOL,0,0,8,0,0,19,1.85
LEAD_01364,lead1364@example.com,standard_lead,31,0.31786125858682973,COOL,0,0,5,0,0,4,10.9
LEAD_03320,lead3320@example.com,standard_lead,28,0.28589589780551494,COLD,0,0,5,0,0,23,12.6
LEAD_00816,lead816@example.com,standard_lead,18,0.18571812032188473,COLD,0,0,7,0,0,31,0.0
LEAD_01819,lead1819@example.com,standard_lead,34,0.3492919335922001,COOL,0,0,6,0,0,11,8.75
LEAD_01394,lead1394@example.com,engaged_smb,99,0.997969501892682,HOT,1,1,4,1,1,2,70.7
LEAD_00751,lead751@example.com,standard_lead,33,0.3368555359968245,COOL,0,0,3,0,0,3,12.3
LEAD_00180,lead180@example.com,standard_lead,16,0.1657245047035451,COLD,0,0,5,0,0,33,0.0
LEAD_03825,lead3825@example.com,standard_lead,49,0.4975003136831571,COOL,0,0,4,0,0,6,3.45
LEAD_03419,lead3419@example.com,standard_lead,55,0.5515393256952879,WARM,1,1,4,1,0,5,30.85
LEAD_02784,lead2784@example.com,standard_lead,62,0.6268847194808114,WARM,1,0,6,1,0,14,32.4
LEAD_03222,lead3222@example.com,standard_lead,34,0.3499948567141954,COOL,0,1,5,0,0,7,8.85
LEAD_04276,lead4276@example.com,standard_lead,60,0.6041203823778925,WARM,1,1,8,0,0,18,15.85
LEAD_01716,lead1716@example.com,standard_lead,54,0.5439597514899152,WARM,1,0,4,1,0,11,23.55
LEAD_03797,lead3797@example.com,standard_lead,26,0.260491904945008,COLD,0,1,7,0,0,26,3.1
LEAD_04474,lead4474@example.com,standard_lead,26,0.2648998512885194,COLD,0,0,3,0,0,14,5.65
LEAD_04200,lead4200@example.com,standard_lead,51,0.5183860824898298,WARM,1,1,6,1,0,34,12.3
LEAD_00517,lead517@example.com,standard_lead,7,0.07831340364029335,COLD,0,0,8,0,0,15,0.45
LEAD_01495,lead1495@example.com,standard_lead,27,0.2750316639744577,COLD,0,1,4,0,0,10,0.0
LEAD_00836,lead836@example.com,engaged_smb,98,0.9876770438533413,HOT,1,1,14,1,1,2,101.7
LEAD_04863,lead4863@example.com,standard_lead,39,0.3985811432486095,COOL,0,0,4,0,0,1,1.85
LEAD_01821,lead1821@example.com,hot_lead,99,0.9955270620330928,HOT,1,1,17,1,1,3,103.0
LEAD_00856,lead856@example.com,engaged_smb,99,0.9932172885215476,HOT,1,1,14,1,0,1,84.95
LEAD_04037,lead4037@example.com,standard_lead,61,0.6199927097703852,WARM,1,1,9,1,0,2,40.0
LEAD_04816,lead4816@example.com,standard_lead,39,0.3969998469455234,COOL,0,1,7,0,0,0,23.4
LEAD_04858,lead4858@example.com,standard_lead,16,0.16168464343445718,COLD,0,0,7,0,0,18,3.5
LEAD_04786,lead4786@example.com,standard_lead,10,0.105774384460347,COLD,0,0,2,0,0,17,0.0
LEAD_03806,lead3806@example.com,standard_lead,83,0.832615785245587,HOT,1,0,7,1,1,3,39.25
LEAD_00976,lead976@example.com,cold_lead,27,0.2770982822403492,COLD,0,0,6,0,0,9,7.25
LEAD_03521,lead3521@example.com,standard_lead,54,0.5455028940861969,WARM,1,0,4,0,0,5,10.05
LEAD_02188,lead2188@example.com,standard_lead,31,0.3152945966811156,COOL,0,0,4,0,0,11,5.15
LEAD_02024,lead2024@example.com,engaged_smb,99,0.9914167734391015,HOT,1,1,10,1,1,0,87.85
LEAD_00809,lead809@example.com,standard_lead,59,0.5948533571358442,WARM,1,0,6,1,0,2,27.2
LEAD_04517,lead4517@example.com,standard_lead,13,0.13554636618147514,COLD,0,0,5,0,0,32,0.0
LEAD_03359,lead3359@example.com,standard_lead,40,0.40420216622584093,COOL,0,1,2,0,0,0,6.2
LEAD_01149,lead1149@example.com,standard_lead,42,0.4223157273695668,COOL,0,0,4,0,0,1,18.05
LEAD_01910,lead1910@example.com,standard_lead,46,0.4650197679551759,COOL,0,0,8,0,0,11,6.85
LEAD_02153,lead2153@example.com,standard_lead,40,0.4060089502009928,COOL,0,0,4,0,0,0,6.1
LEAD_00307,lead307@example.com,standard_lead,81,0.8123245005825769,HOT,1,1,4,0,1,6,26.6
LEAD_00636,lead636@example.com,standard_lead,32,0.3278849982626998,COOL,0,0,4,0,0,5,16.35
LEAD_02955,lead2955@example.com,cold_lead,43,0.4325949791917581,COOL,0,0,4,0,0,18,7.35
LEAD_04574,lead4574@example.com,hot_lead,97,0.9768542528497648,HOT,1,1,16,0,0,1,71.55
LEAD_01041,lead1041@example.com,standard_lead,8,0.0872388477324654,COLD,0,0,1,0,0,21,0.0
LEAD_01036,lead1036@example.com,standard_lead,36,0.36065463459488073,COOL,0,0,7,0,0,7,13.05
LEAD_02179,lead2179@example.com,standard_lead,42,0.42434269481622383,COOL,0,0,7,0,0,2,8.7
LEAD_00759,lead759@example.com,standard_lead,66,0.6610286746691341,WARM,1,1,8,1,0,1,27.8
LEAD_01144,lead1144@example.com,standard_lead,67,0.6742317464250052,WARM,1,0,4,1,0,9,11.85
LEAD_04642,lead4642@example.com,standard_lead,20,0.2097556911920576,COLD,0,1,7,0,0,7,1.85
LEAD_03084,lead3084@example.com,standard_lead,15,0.15686725335168905,COLD,0,0,5,0,0,18,4.25
LEAD_02570,lead2570@example.com,standard_lead,41,0.4100320878208494,COOL,0,1,3,0,0,12,19.3
LEAD_03668,lead3668@example.com,standard_lead,25,0.25793818421917486,COLD,0,0,1,0,0,12,1.9
LEAD_04902,lead4902@example.com,standard_lead,86,0.8688286659982066,HOT,1,0,5,0,1,0,23.55
LEAD_00754,lead754@example.com,standard_lead,25,0.2582644296264882,COLD,0,0,8,0,0,12,2.45
LEAD_02354,lead2354@example.com,standard_lead,45,0.45819713639974086,COOL,0,0,11,0,0,8,11.05
LEAD_03612,lead3612@example.com,standard_lead,30,0.30600982296519247,COOL,0,0,7,0,0,1,6.75
LEAD_01402,lead1402@example.com,standard_lead,32,0.3223156240173565,COOL,0,0,5,0,0,4,0.0
LEAD_01965,lead1965@example.com,standard_lead,13,0.13258703642434763,COLD,0,1,2,1,0,47,0.0
LEAD_01732,lead1732@example.com,standard_lead,23,0.23402870512048043,COLD,0,1,5,0,0,8,12.3
LEAD_03177,lead3177@example.com,standard_lead,80,0.807275150675762,HOT,1,1,5,0,1,6,18.2
LEAD_01449,lead1449@example.com,standard_lead,43,0.4308814315541498,COOL,0,1,2,0,1,9,10.3
LEAD_03203,lead3203@example.com,standard_lead,29,0.2950014945516716,COLD,0,0,3,0,0,5,2.95
LEAD_04314,lead4314@example.com,standard_lead,71,0.710227855157837,WARM,1,1,4,1,0,12,17.65
LEAD_03975,lead3975@example.com,hot_lead,97,0.9772094617186893,HOT,1,1,11,1,1,1,96.9
LEAD_03547,lead3547@example.com,standard_lead,13,0.13239842224695986,COLD,0,0,4,0,0,31,6.6
LEAD_00424,lead424@example.com,standard_lead,70,0.7054200926416138,WARM,1,0,3,0,1,5,14.2
LEAD_02272,lead2272@example.com,standard_lead,13,0.13355558132203016,COLD,0,0,6,0,0,18,0.0
LEAD_00930,lead930@example.com,standard_lead,35,0.3544926194848829,COOL,0,0,11,0,0,0,9.2
LEAD_04940,lead4940@example.com,standard_lead,11,0.113793778290019,COLD,0,0,7,1,0,48,0.0
LEAD_01858,lead1858@example.com,standard_lead,13,0.13174039077314204,COLD,0,0,5,0,0,20,0.0
LEAD_04131,lead4131@example.com,hot_lead,96,0.969874209168542,HOT,1,1,15,1,1,4,75.65
LEAD_01046,lead1046@example.com,standard_lead,59,0.5930618737450999,WARM,1,0,7,0,1,13,18.65
LEAD_01709,lead1709@example.com,standard_lead,30,0.3085840673734685,COOL,0,0,9,0,0,1,10.45
LEAD_03442,lead3442@example.com,standard_lead,23,0.23563093573897737,COLD,0,1,6,0,0,0,14.65
LEAD_02219,lead2219@example.com,standard_lead,12,0.120616772826429,COLD,0,0,4,0,0,43,0.0
LEAD_01560,lead1560@example.com,standard_lead,1,0.01858770385227482,COLD,0,0,4,0,0,59,0.0
LEAD_02847,lead2847@example.com,standard_lead,7,0.07400426129892729,COLD,0,0,5,0,0,34,0.0
LEAD_03745,lead3745@example.com,standard_lead,1,0.01684575015194052,COLD,0,0,3,0,0,48,0.0
LEAD_00248,lead248@example.com,standard_lead,40,0.4035947260297331,COOL,0,0,6,0,0,11,18.4
LEAD_04941,lead4941@example.com,standard_lead,43,0.43169860871229854,COOL,0,0,2,0,0,19,11.8
LEAD_03917,lead3917@example.com,standard_lead,36,0.36520198875892074,COOL,0,1,4,0,0,8,5.55
LEAD_03348,lead3348@example.com,standard_lead,75,0.7536003342880351,HOT,1,1,3,1,0,4,16.35
LEAD_04100,lead4100@example.com,standard_lead,67,0.6760772659614172,WARM,1,0,8,1,0,14,21.15
LEAD_04488,lead4488@example.com,standard_lead,4,0.048126015124703096,COLD,0,0,4,0,0,38,0.0
LEAD_02837,lead2837@example.com,standard_lead,12,0.12413783069394982,COLD,0,0,1,0,0,26,0.0
LEAD_00763,lead763@example.com,standard_lead,9,0.09516422772437502,COLD,0,0,7,0,0,49,0.0
LEAD_00074,lead74@example.com,standard_lead,57,0.5749139312627485,WARM,1,0,5,0,1,13,8.3
LEAD_01330,lead1330@example.com,standard_lead,61,0.6170111120778803,WARM,1,0,4,1,0,8,25.95
LEAD_04912,lead4912@example.com,standard_lead,64,0.643213086262177,WARM,1,1,5,1,0,2,37.0
LEAD_04895,lead4895@example.com,standard_lead,55,0.5532647989267192,WARM,1,1,3,0,1,8,19.0
LEAD_00604,lead604@example.com,standard_lead,16,0.16932251048474228,COLD,0,0,2,0,0,3,5.05
LEAD_04409,lead4409@example.com,standard_lead,21,0.2164714164037409,COLD,0,0,2,0,0,20,5.55
LEAD_00795,lead795@example.com,standard_lead,85,0.8555917370279221,HOT,1,0,4,0,1,4,33.65
LEAD_03406,lead3406@example.com,standard_lead,15,0.15607786321733738,COLD,0,0,3,0,0,1,11.3
LEAD_00029,lead29@example.com,standard_lead,3,0.03275200254155852,COLD,0,0,5,0,0,54,0.0
LEAD_02508,lead2508@example.com,standard_lead,86,0.8639931445669468,HOT,1,1,6,1,0,12,37.15
LEAD_00001,lead1@example.com,engaged_smb,98,0.9892266534606066,HOT,1,1,18,1,1,0,101.4
LEAD_02419,lead2419@example.com,standard_lead,5,0.05640673090255661,COLD,0,0,2,0,0,40,0.0
LEAD_01694,lead1694@example.com,standard_lead,22,0.22561542630854395,COLD,0,0,4,0,0,1,7.65
LEAD_02811,lead2811@example.com,engaged_smb,95,0.9556527941414799,HOT,1,1,13,1,0,3,75.25
LEAD_00346,lead346@example.com,standard_lead,50,0.5065159834769432,WARM,1,1,5,0,0,10,9.85
LEAD_04305,lead4305@example.com,standard_lead,49,0.492266400567024,COOL,0,1,6,0,0,8,8.9
LEAD_02644,lead2644@example.com,standard_lead,37,0.3746024294936428,COOL,0,0,5,0,0,0,4.15
LEAD_00390,lead390@example.com,standard_lead,85,0.8507853720857502,HOT,1,1,4,1,0,1,23.05
LEAD_00988,lead988@example.com,standard_lead,14,0.14242509265714193,COLD,0,0,3,0,0,19,0.0
LEAD_02806,lead2806@example.com,standard_lead,71,0.7142391378719819,WARM,1,1,6,0,0,1,21.0
LEAD_03265,lead3265@example.com,hot_lead,98,0.9850801796011318,HOT,1,1,14,1,0,1,81.6
LEAD_03081,lead3081@example.com,standard_lead,41,0.41431370593694533,COOL,0,1,7,0,0,6,14.4
LEAD_00883,lead883@example.com,standard_lead,7,0.07663448732644722,COLD,0,0,6,0,0,32,0.0
LEAD_03748,lead3748@example.com,warm_lead,98,0.9842689489790678,HOT,1,1,10,1,1,1,88.3
LEAD_03603,lead3603@example.com,standard_lead,42,0.42467204510087814,COOL,0,1,5,0,1,15,22.2
LEAD_03139,lead3139@example.com,standard_lead,54,0.5464722624990402,WARM,1,1,6,1,0,12,18.2
LEAD_04249,lead4249@example.com,standard_lead,44,0.4444435437367858,COOL,0,0,5,0,0,6,12.55
LEAD_00189,lead189@example.com,standard_lead,75,0.75482068918634,HOT,1,0,7,1,0,7,14.35
LEAD_01159,lead1159@example.com,standard_lead,21,0.2187594027722883,COLD,0,1,4,0,0,20,5.45
LEAD_01010,lead1010@example.com,standard_lead,15,0.15584918084573052,COLD,0,0,5,0,0,17,3.4
LEAD_00360,lead360@example.com,standard_lead,18,0.18370928109636459,COLD,0,0,8,1,0,34,7.55
LEAD_00629,lead629@example.com,standard_lead,69,0.6915411085621072,WARM,1,0,3,1,0,2,26.6
LEAD_01826,lead1826@example.com,standard_lead,26,0.26182921400442205,COLD,0,0,11,0,0,5,15.5
LEAD_02341,lead2341@example.com,standard_lead,38,0.38757814164765714,COOL,0,0,5,0,0,3,2.55
LEAD_00785,lead785@example.com,standard_lead,12,0.12427748652530587,COLD,0,0,7,0,0,19,0.0
LEAD_00910,lead910@example.com,standard_lead,4,0.045555704642084804,COLD,0,0,6,0,0,25,0.0
LEAD_02402,lead2402@example.com,standard_lead,60,0.6040433090234546,WARM,1,0,7,0,0,0,26.55
LEAD_02375,lead2375@example.com,standard_lead,81,0.816784032573473,HOT,1,1,9,1,1,8,43.7
LEAD_01590,lead1590@example.com,standard_lead,58,0.5845809395723935,WARM,1,0,4,0,0,2,11.2
LEAD_01915,lead1915@example.com,standard_lead,23,0.23451082481097485,COLD,0,0,8,0,0,11,3.35
LEAD_04883,lead4883@example.com,standard_lead,39,0.399741378103455,COOL,0,0,4,0,0,6,17.15
LEAD_04684,lead4684@example.com,hot_lead,98,0.9869023007963675,HOT,1,1,14,1,0,2,67.45
LEAD_03931,lead3931@example.com,standard_lead,73,0.7366581662280626,WARM,1,1,7,1,1,20,41.45
LEAD_02369,lead2369@example.com,hot_lead,98,0.9851894882742113,HOT,1,1,15,1,0,2,95.2
LEAD_03835,lead3835@example.com,standard_lead,40,0.40551688989155577,COOL,0,1,5,0,0,7,10.25
LEAD_04736,lead4736@example.com,standard_lead,44,0.44369945966463237,COOL,0,0,4,0,0,0,10.6
LEAD_03949,lead3949@example.com,standard_lead,41,0.418809930224738,COOL,0,0,6,0,0,9,6.9
LEAD_03876,lead3876@example.com,standard_lead,56,0.5694238374029619,WARM,1,1,5,0,1,19,16.65
LEAD_00048,lead48@example.com,standard_lead,36,0.36727829154217445,COOL,0,1,6,1,0,16,27.3
LEAD_01657,lead1657@example.com,standard_lead,45,0.4595073700060388,COOL,0,0,3,0,1,6,11.95
LEAD_03060,lead3060@example.com,standard_lead,28,0.2889150454140008,COLD,0,0,8,0,0,0,16.0
LEAD_00453,lead453@example.com,standard_lead,40,0.4008024183935044,COOL,0,1,5,0,0,1,24.25
LEAD_04518,lead4518@example.com,standard_lead,85,0.8515186329543147,HOT,1,1,5,0,1,12,27.45
LEAD_04884,lead4884@example.com,standard_lead,41,0.4150963539198527,COOL,0,0,8,0,1,31,7.7
LEAD_03057,lead3057@example.com,standard_lead,50,0.5004847417429077,WARM,1,1,4,0,0,12,12.3
LEAD_00519,lead519@example.com,standard_lead,36,0.36745896132194944,COOL,0,1,5,0,0,0,5.0
LEAD_01287,lead1287@example.com,engaged_smb,97,0.9700765657160045,HOT,1,1,18,1,1,0,86.8
LEAD_01811,lead1811@example.com,standard_lead,29,0.2905315290015086,COLD,0,0,9,0,0,9,2.85
LEAD_02317,lead2317@example.com,standard_lead,65,0.657002948976172,WARM,1,0,6,0,1,5,38.1
LEAD_04956,lead4956@example.com,standard_lead,46,0.4687459211820968,COOL,0,0,5,0,0,4,15.45
LEAD_02186,lead2186@example.com,standard_lead,35,0.35894608763108615,COOL,0,1,3,0,0,3,0.0
LEAD_02330,lead2330@example.com,standard_lead,20,0.20615622595031458,COLD,0,0,6,0,0,15,0.0
LEAD_03892,lead3892@example.com,standard_lead,26,0.26469721645421396,COLD,0,0,4,1,0,33,9.85
LEAD_02943,lead2943@example.com,standard_lead,69,0.698219690661799,WARM,1,0,8,0,0,5,27.6
LEAD_02389,lead2389@example.com,standard_lead,10,0.10415515922256761,COLD,0,0,8,0,0,4,2.3
LEAD_00533,lead533@example.com,standard_lead,49,0.4977388533875125,COOL,0,1,4,1,0,2,24.55
LEAD_01241,lead1241@example.com,standard_lead,24,0.24977469135262267,COLD,0,0,7,0,0,3,3.05
LEAD_04041,lead4041@example.com,standard_lead,59,0.5934455648719257,WARM,1,1,3,0,1,13,7.0
LEAD_04168,lead4168@example.com,standard_lead,31,0.31137913795016664,COOL,0,1,9,0,0,11,13.2
LEAD_00286,lead286@example.com,standard_lead,81,0.815044394070553,HOT,1,0,5,1,0,3,34.05
LEAD_04994,lead4994@example.com,hot_lead,99,0.9954613375697928,HOT,1,1,15,1,0,2,87.0
LEAD_02770,lead2770@example.com,engaged_smb,99,0.9956566530167018,HOT,1,1,18,1,1,2,94.05
LEAD_02565,lead2565@example.com,standard_lead,40,0.409643298301895,COOL,0,0,8,0,1,50,5.8
LEAD_02239,lead2239@example.com,standard_lead,74,0.7449256128843093,WARM,1,1,4,0,1,5,23.75
LEAD_00455,lead455@example.com,standard_lead,31,0.3192269644114176,COOL,0,0,8,0,0,8,15.95
LEAD_02184,lead2184@example.com,standard_lead,59,0.5957847501876407,WARM,1,0,6,0,0,3,6.7
LEAD_02582,lead2582@example.com,standard_lead,17,0.1774391640534551,COLD,0,0,5,0,0,0,1.75
LEAD_03802,lead3802@example.com,standard_lead,29,0.29697286374486775,COLD,0,0,3,0,0,3,0.35
LEAD_01232,lead1232@example.com,standard_lead,37,0.3709596761184937,COOL,0,0,9,0,0,10,10.6
LEAD_00601,lead601@example.com,standard_lead,8,0.08434294177837569,COLD,0,1,10,0,0,39,2.8
LEAD_04737,lead4737@example.com,hot_lead,99,0.9910445065697564,HOT,1,1,11,1,1,9,84.8
LEAD_03808,lead3808@example.com,warm_lead,98,0.983464012753997,HOT,1,1,16,1,1,9,90.65
LEAD_01586,lead1586@example.com,standard_lead,87,0.8789297393539923,HOT,1,1,6,1,1,14,28.65
LEAD_02550,lead2550@example.com,standard_lead,2,0.02884881514146597,COLD,0,0,5,0,0,38,0.0
LEAD_03037,lead3037@example.com,standard_lead,35,0.3553819519951753,COOL,0,1,8,0,0,13,9.95
LEAD_00299,lead299@example.com,hot_lead,99,0.9943729370422885,HOT,1,1,16,1,1,3,79.95
LEAD_03831,lead3831@example.com,standard_lead,30,0.307684719789569,COOL,0,0,3,0,0,11,2.4
LEAD_04264,lead4264@example.com,standard_lead,36,0.36870396967699626,COOL,0,0,5,0,0,5,8.95
